"State Imports by NAICS Commodities"
"Current date: 04/15/2025 4:10 PM (Eastern Daylight Time)"
"State","Commodity","Country","Time","Customs Value (Gen) ($US)",
"All States","2121 Coal & Petroleum Gases","Colombia","2008","1,497,198,059"
"All States","2121 Coal & Petroleum Gases","Colombia","2009","1,079,022,250"
"All States","2121 Coal & Petroleum Gases","Colombia","2010","923,334,975"
"All States","2121 Coal & Petroleum Gases","Colombia","2011","787,478,756"
"All States","2121 Coal & Petroleum Gases","Colombia","2012","583,535,014"
"All States","2121 Coal & Petroleum Gases","Colombia","2013","493,940,780"
"All States","2121 Coal & Petroleum Gases","Colombia","2014","652,244,965"
"All States","2121 Coal & Petroleum Gases","Colombia","2015","591,365,104"
"All States","2121 Coal & Petroleum Gases","Colombia","2016","515,344,668"
"All States","2121 Coal & Petroleum Gases","Colombia","2017","393,582,318"
"All States","2121 Coal & Petroleum Gases","Colombia","2018","249,294,258"
"All States","2121 Coal & Petroleum Gases","Colombia","2019","315,898,793"
"All States","2121 Coal & Petroleum Gases","Colombia","2020","221,293,997"
"All States","2121 Coal & Petroleum Gases","Colombia","2021","232,732,914"
"All States","2121 Coal & Petroleum Gases","Colombia","2022","397,217,607"
"All States","2121 Coal & Petroleum Gases","Colombia","2023","277,433,971"
"All States","2121 Coal & Petroleum Gases","Colombia","2024","127,945,344"
"All States","2121 Coal & Petroleum Gases","Australia","2008","7,942,988"
"All States","2121 Coal & Petroleum Gases","Australia","2009","8,730,991"
"All States","2121 Coal & Petroleum Gases","Australia","2010","21,586,281"
"All States","2121 Coal & Petroleum Gases","Australia","2011","3,254,974"
"All States","2121 Coal & Petroleum Gases","Australia","2013","4,018"
"All States","2121 Coal & Petroleum Gases","Australia","2014","62,458"
"All States","2121 Coal & Petroleum Gases","Australia","2015","3,674,824"
"All States","2121 Coal & Petroleum Gases","Australia","2016","5,812,703"
"All States","2121 Coal & Petroleum Gases","Australia","2017","52,421"
"All States","2121 Coal & Petroleum Gases","Austria","2016","2,592"
"All States","2121 Coal & Petroleum Gases","Belgium","2020","143,204"
"All States","2121 Coal & Petroleum Gases","Belgium","2022","13,445,775"
"All States","2121 Coal & Petroleum Gases","Canada","2008","222,796,798"
"All States","2121 Coal & Petroleum Gases","Canada","2009","139,940,651"
"All States","2121 Coal & Petroleum Gases","Canada","2010","302,143,720"
"All States","2121 Coal & Petroleum Gases","Canada","2011","426,495,705"
"All States","2121 Coal & Petroleum Gases","Canada","2012","204,805,236"
"All States","2121 Coal & Petroleum Gases","Canada","2013","162,413,523"
"All States","2121 Coal & Petroleum Gases","Canada","2014","134,936,408"
"All States","2121 Coal & Petroleum Gases","Canada","2015","136,435,690"
"All States","2121 Coal & Petroleum Gases","Canada","2016","83,455,165"
"All States","2121 Coal & Petroleum Gases","Canada","2017","169,279,174"
"All States","2121 Coal & Petroleum Gases","Canada","2018","147,332,990"
"All States","2121 Coal & Petroleum Gases","Canada","2019","150,636,337"
"All States","2121 Coal & Petroleum Gases","Canada","2020","58,088,978"
"All States","2121 Coal & Petroleum Gases","Canada","2021","163,096,794"
"All States","2121 Coal & Petroleum Gases","Canada","2022","268,288,900"
"All States","2121 Coal & Petroleum Gases","Canada","2023","200,805,284"
"All States","2121 Coal & Petroleum Gases","Canada","2024","196,126,333"
"All States","2121 Coal & Petroleum Gases","France","2008","46,975"
"All States","2121 Coal & Petroleum Gases","France","2011","13,985"
"All States","2121 Coal & Petroleum Gases","France","2022","30,150"
"All States","2121 Coal & Petroleum Gases","Germany","2008","56,773"
"All States","2121 Coal & Petroleum Gases","Germany","2009","10,560"
"All States","2121 Coal & Petroleum Gases","Germany","2011","118,144"
"All States","2121 Coal & Petroleum Gases","Germany","2013","32,146"
"All States","2121 Coal & Petroleum Gases","Germany","2015","14,319"
"All States","2121 Coal & Petroleum Gases","Germany","2016","27,832"
"All States","2121 Coal & Petroleum Gases","Germany","2017","146,468"
"All States","2121 Coal & Petroleum Gases","Germany","2018","89,498"
"All States","2121 Coal & Petroleum Gases","Germany","2019","351,586"
"All States","2121 Coal & Petroleum Gases","Germany","2020","77,866"
"All States","2121 Coal & Petroleum Gases","Germany","2021","114,337"
"All States","2121 Coal & Petroleum Gases","Germany","2023","5,040"
"All States","2121 Coal & Petroleum Gases","Germany","2024","94,768"
"All States","2121 Coal & Petroleum Gases","Greece","2019","4,519"
"All States","2121 Coal & Petroleum Gases","Greece","2020","2,015"
"All States","2121 Coal & Petroleum Gases","Greece","2024","3,803"
"All States","2121 Coal & Petroleum Gases","Ireland","2022","6,722,887"
"All States","2121 Coal & Petroleum Gases","Ireland","2023","18,110,934"
"All States","2121 Coal & Petroleum Gases","Ireland","2024","14,035,146"
"All States","2121 Coal & Petroleum Gases","Italy","2009","5,884"
"All States","2121 Coal & Petroleum Gases","Italy","2010","4,637"
"All States","2121 Coal & Petroleum Gases","Italy","2011","2,195"
"All States","2121 Coal & Petroleum Gases","Italy","2012","2,067"
"All States","2121 Coal & Petroleum Gases","Italy","2013","3,022"
"All States","2121 Coal & Petroleum Gases","Italy","2016","23,571"
"All States","2121 Coal & Petroleum Gases","Italy","2024","6,426"
"All States","2121 Coal & Petroleum Gases","Japan","2011","14,246"
"All States","2121 Coal & Petroleum Gases","Japan","2012","4,453"
"All States","2121 Coal & Petroleum Gases","Japan","2013","14,662"
"All States","2121 Coal & Petroleum Gases","Japan","2018","2,210"
"All States","2121 Coal & Petroleum Gases","Japan","2023","106,445"
"All States","2121 Coal & Petroleum Gases","Japan","2024","99,533"
"All States","2121 Coal & Petroleum Gases","Korea, South","2008","4,555"
"All States","2121 Coal & Petroleum Gases","Korea, South","2009","10,237"
"All States","2121 Coal & Petroleum Gases","Korea, South","2010","11,131"
"All States","2121 Coal & Petroleum Gases","Korea, South","2011","5,979"
"All States","2121 Coal & Petroleum Gases","Korea, South","2024","4,960"
"All States","2121 Coal & Petroleum Gases","Luxembourg","2018","540,078"
"All States","2121 Coal & Petroleum Gases","Mexico","2009","5,824"
"All States","2121 Coal & Petroleum Gases","Mexico","2011","46,964"
"All States","2121 Coal & Petroleum Gases","Mexico","2012","13,695"
"All States","2121 Coal & Petroleum Gases","Mexico","2014","4,367"
"All States","2121 Coal & Petroleum Gases","Mexico","2015","13,364"
"All States","2121 Coal & Petroleum Gases","Mexico","2016","74,016"
"All States","2121 Coal & Petroleum Gases","Mexico","2017","27,847"
"All States","2121 Coal & Petroleum Gases","Mexico","2018","100,032"
"All States","2121 Coal & Petroleum Gases","Mexico","2019","155,548"
"All States","2121 Coal & Petroleum Gases","Mexico","2020","26,674"
"All States","2121 Coal & Petroleum Gases","Mexico","2021","15,373"
"All States","2121 Coal & Petroleum Gases","Mexico","2022","1,382,885"
"All States","2121 Coal & Petroleum Gases","Mexico","2023","483,819"
"All States","2121 Coal & Petroleum Gases","Mexico","2024","58,131"
"All States","2121 Coal & Petroleum Gases","Netherlands","2013","75,425"
"All States","2121 Coal & Petroleum Gases","Netherlands","2015","7,325"
"All States","2121 Coal & Petroleum Gases","Netherlands","2017","2,079,106"
"All States","2121 Coal & Petroleum Gases","Netherlands","2024","37,972"
"All States","2121 Coal & Petroleum Gases","New Zealand","2010","10,154"
"All States","2121 Coal & Petroleum Gases","New Zealand","2012","25,000"
"All States","2121 Coal & Petroleum Gases","Poland","2011","54,077"
"All States","2121 Coal & Petroleum Gases","Spain","2020","105,800"
"All States","2121 Coal & Petroleum Gases","Spain","2022","8,724,000"
"All States","2121 Coal & Petroleum Gases","Sweden","2020","3,750"
"All States","2121 Coal & Petroleum Gases","Turkey","2011","2,273"
"All States","2121 Coal & Petroleum Gases","Turkey","2020","5,796"
"All States","2121 Coal & Petroleum Gases","United Kingdom","2009","24,541"
"All States","2121 Coal & Petroleum Gases","United Kingdom","2010","310,129"
"All States","2121 Coal & Petroleum Gases","United Kingdom","2012","7,920"
"All States","2121 Coal & Petroleum Gases","United Kingdom","2013","10,024"
"All States","2121 Coal & Petroleum Gases","United Kingdom","2014","14,093"
"All States","2121 Coal & Petroleum Gases","United Kingdom","2015","102,839"
"All States","2121 Coal & Petroleum Gases","United Kingdom","2016","28,300"
"All States","2121 Coal & Petroleum Gases","United Kingdom","2017","6,285"
"All States","2121 Coal & Petroleum Gases","United Kingdom","2018","72,421"
"All States","2121 Coal & Petroleum Gases","United Kingdom","2019","35,725"
"All States","2121 Coal & Petroleum Gases","United Kingdom","2020","96,221"
"All States","2121 Coal & Petroleum Gases","United Kingdom","2021","11,155"
"All States","2121 Coal & Petroleum Gases","United Kingdom","2023","3,267"
"All States","2121 Coal & Petroleum Gases","United Kingdom","2024","4,347,885"
"All States","2122 Metal Ores","Colombia","2010","24,000"
"All States","2122 Metal Ores","Colombia","2011","12,021"
"All States","2122 Metal Ores","Colombia","2012","4,242,183"
"All States","2122 Metal Ores","Colombia","2013","1,519,895"
"All States","2122 Metal Ores","Colombia","2014","690,354"
"All States","2122 Metal Ores","Colombia","2015","482,631"
"All States","2122 Metal Ores","Colombia","2019","125,000"
"All States","2122 Metal Ores","Colombia","2022","11,800"
"All States","2122 Metal Ores","Colombia","2023","442,041"
"All States","2122 Metal Ores","Latvia","2012","3,150"
"All States","2122 Metal Ores","Australia","2008","427,520,976"
"All States","2122 Metal Ores","Australia","2009","541,446,563"
"All States","2122 Metal Ores","Australia","2010","410,653,664"
"All States","2122 Metal Ores","Australia","2011","609,365,686"
"All States","2122 Metal Ores","Australia","2012","675,772,772"
"All States","2122 Metal Ores","Australia","2013","611,694,776"
"All States","2122 Metal Ores","Australia","2014","482,671,859"
"All States","2122 Metal Ores","Australia","2015","494,630,813"
"All States","2122 Metal Ores","Australia","2016","361,332,944"
"All States","2122 Metal Ores","Australia","2017","267,626,755"
"All States","2122 Metal Ores","Australia","2018","234,017,988"
"All States","2122 Metal Ores","Australia","2019","190,567,813"
"All States","2122 Metal Ores","Australia","2020","108,607,015"
"All States","2122 Metal Ores","Australia","2021","190,576,564"
"All States","2122 Metal Ores","Australia","2022","284,121,445"
"All States","2122 Metal Ores","Australia","2023","319,901,969"
"All States","2122 Metal Ores","Australia","2024","579,800,355"
"All States","2122 Metal Ores","Austria","2009","2,916"
"All States","2122 Metal Ores","Austria","2011","3,313"
"All States","2122 Metal Ores","Austria","2013","33,993"
"All States","2122 Metal Ores","Austria","2014","71,762"
"All States","2122 Metal Ores","Austria","2015","24,210"
"All States","2122 Metal Ores","Austria","2017","57,779"
"All States","2122 Metal Ores","Austria","2018","11,473"
"All States","2122 Metal Ores","Austria","2023","149,908"
"All States","2122 Metal Ores","Austria","2024","833,923"
"All States","2122 Metal Ores","Belgium","2009","136,297"
"All States","2122 Metal Ores","Belgium","2010","1,027,799"
"All States","2122 Metal Ores","Belgium","2011","108,834"
"All States","2122 Metal Ores","Belgium","2012","788,245"
"All States","2122 Metal Ores","Belgium","2013","123,970"
"All States","2122 Metal Ores","Belgium","2014","773,834"
"All States","2122 Metal Ores","Belgium","2015","50,061"
"All States","2122 Metal Ores","Belgium","2016","184,894"
"All States","2122 Metal Ores","Belgium","2017","85,560"
"All States","2122 Metal Ores","Belgium","2018","56,999"
"All States","2122 Metal Ores","Belgium","2019","45,305"
"All States","2122 Metal Ores","Belgium","2020","147,639"
"All States","2122 Metal Ores","Belgium","2021","123,206"
"All States","2122 Metal Ores","Belgium","2022","3,358,982"
"All States","2122 Metal Ores","Belgium","2023","129,011"
"All States","2122 Metal Ores","Belgium","2024","45,776"
"All States","2122 Metal Ores","Canada","2008","1,003,596,328"
"All States","2122 Metal Ores","Canada","2009","502,278,526"
"All States","2122 Metal Ores","Canada","2010","621,636,363"
"All States","2122 Metal Ores","Canada","2011","935,027,861"
"All States","2122 Metal Ores","Canada","2012","790,353,419"
"All States","2122 Metal Ores","Canada","2013","590,809,334"
"All States","2122 Metal Ores","Canada","2014","693,329,424"
"All States","2122 Metal Ores","Canada","2015","418,501,785"
"All States","2122 Metal Ores","Canada","2016","217,065,097"
"All States","2122 Metal Ores","Canada","2017","218,520,546"
"All States","2122 Metal Ores","Canada","2018","217,506,537"
"All States","2122 Metal Ores","Canada","2019","273,581,283"
"All States","2122 Metal Ores","Canada","2020","250,455,454"
"All States","2122 Metal Ores","Canada","2021","513,150,018"
"All States","2122 Metal Ores","Canada","2022","528,309,700"
"All States","2122 Metal Ores","Canada","2023","419,311,820"
"All States","2122 Metal Ores","Canada","2024","413,836,102"
"All States","2122 Metal Ores","Chile","2008","186,771,754"
"All States","2122 Metal Ores","Chile","2009","70,126,643"
"All States","2122 Metal Ores","Chile","2010","115,173,147"
"All States","2122 Metal Ores","Chile","2011","161,310,283"
"All States","2122 Metal Ores","Chile","2012","101,143,931"
"All States","2122 Metal Ores","Chile","2013","26,766,930"
"All States","2122 Metal Ores","Chile","2014","58,410,943"
"All States","2122 Metal Ores","Chile","2015","77,578,059"
"All States","2122 Metal Ores","Chile","2016","82,848,618"
"All States","2122 Metal Ores","Chile","2017","133,356,113"
"All States","2122 Metal Ores","Chile","2018","98,826,722"
"All States","2122 Metal Ores","Chile","2019","90,427,935"
"All States","2122 Metal Ores","Chile","2020","52,082,040"
"All States","2122 Metal Ores","Chile","2021","77,192,825"
"All States","2122 Metal Ores","Chile","2022","76,039,412"
"All States","2122 Metal Ores","Chile","2023","130,018,579"
"All States","2122 Metal Ores","Chile","2024","106,620,257"
"All States","2122 Metal Ores","Czech Republic","2014","4,550"
"All States","2122 Metal Ores","Czech Republic","2017","317,148"
"All States","2122 Metal Ores","Czech Republic","2018","2,456"
"All States","2122 Metal Ores","Czech Republic","2020","35,137"
"All States","2122 Metal Ores","Czech Republic","2021","398,240"
"All States","2122 Metal Ores","Czech Republic","2022","63,584"
"All States","2122 Metal Ores","Denmark","2011","3,214"
"All States","2122 Metal Ores","Finland","2020","2,823"
"All States","2122 Metal Ores","Finland","2023","84,223"
"All States","2122 Metal Ores","France","2008","230,673"
"All States","2122 Metal Ores","France","2010","7,618"
"All States","2122 Metal Ores","France","2011","398,659"
"All States","2122 Metal Ores","France","2012","101,578"
"All States","2122 Metal Ores","France","2013","2,453,922"
"All States","2122 Metal Ores","France","2014","59,881"
"All States","2122 Metal Ores","France","2015","45,460"
"All States","2122 Metal Ores","France","2016","117,660"
"All States","2122 Metal Ores","France","2017","26,645"
"All States","2122 Metal Ores","France","2018","56,045"
"All States","2122 Metal Ores","France","2020","63,068"
"All States","2122 Metal Ores","France","2021","2,064,123"
"All States","2122 Metal Ores","France","2022","126,072"
"All States","2122 Metal Ores","France","2023","25,160"
"All States","2122 Metal Ores","France","2024","24,675"
"All States","2122 Metal Ores","Estonia","2018","9,621"
"All States","2122 Metal Ores","Estonia","2021","248,590"
"All States","2122 Metal Ores","Estonia","2022","513,013"
"All States","2122 Metal Ores","Germany","2008","1,515,127"
"All States","2122 Metal Ores","Germany","2009","903,585"
"All States","2122 Metal Ores","Germany","2010","1,276,842"
"All States","2122 Metal Ores","Germany","2011","635,841"
"All States","2122 Metal Ores","Germany","2012","1,512,567"
"All States","2122 Metal Ores","Germany","2013","593,043"
"All States","2122 Metal Ores","Germany","2014","299,270"
"All States","2122 Metal Ores","Germany","2015","479,045"
"All States","2122 Metal Ores","Germany","2016","489,153"
"All States","2122 Metal Ores","Germany","2017","2,531,942"
"All States","2122 Metal Ores","Germany","2018","91,647"
"All States","2122 Metal Ores","Germany","2019","250,880"
"All States","2122 Metal Ores","Germany","2020","20,024,815"
"All States","2122 Metal Ores","Germany","2021","1,772,642"
"All States","2122 Metal Ores","Germany","2022","1,675,318"
"All States","2122 Metal Ores","Germany","2023","1,322,400"
"All States","2122 Metal Ores","Germany","2024","811,425"
"All States","2122 Metal Ores","Greece","2008","4,408,792"
"All States","2122 Metal Ores","Greece","2009","3,876,374"
"All States","2122 Metal Ores","Greece","2010","6,001,655"
"All States","2122 Metal Ores","Greece","2011","1,439,032"
"All States","2122 Metal Ores","Greece","2012","4,438,744"
"All States","2122 Metal Ores","Greece","2013","3,108,105"
"All States","2122 Metal Ores","Greece","2014","2,854,855"
"All States","2122 Metal Ores","Greece","2015","18,417,929"
"All States","2122 Metal Ores","Greece","2016","4,757,496"
"All States","2122 Metal Ores","Greece","2017","7,477,026"
"All States","2122 Metal Ores","Greece","2018","4,734,711"
"All States","2122 Metal Ores","Greece","2019","4,786,212"
"All States","2122 Metal Ores","Hungary","2016","2,790"
"All States","2122 Metal Ores","Hungary","2020","13,851"
"All States","2122 Metal Ores","Hungary","2021","11,303"
"All States","2122 Metal Ores","Hungary","2022","13,600"
"All States","2122 Metal Ores","Hungary","2023","53,651"
"All States","2122 Metal Ores","Hungary","2024","93,678"
"All States","2122 Metal Ores","Ireland","2009","9,352,729"
"All States","2122 Metal Ores","Ireland","2016","1,872,334"
"All States","2122 Metal Ores","Ireland","2017","2,597,293"
"All States","2122 Metal Ores","Italy","2008","662,906"
"All States","2122 Metal Ores","Italy","2009","502,934"
"All States","2122 Metal Ores","Italy","2010","1,452,014"
"All States","2122 Metal Ores","Italy","2011","3,832,810"
"All States","2122 Metal Ores","Italy","2012","3,872,149"
"All States","2122 Metal Ores","Italy","2013","2,716,525"
"All States","2122 Metal Ores","Italy","2014","2,929,942"
"All States","2122 Metal Ores","Italy","2015","2,668,023"
"All States","2122 Metal Ores","Italy","2016","1,002,484"
"All States","2122 Metal Ores","Italy","2017","734,797"
"All States","2122 Metal Ores","Italy","2018","494,752"
"All States","2122 Metal Ores","Italy","2019","287,968"
"All States","2122 Metal Ores","Italy","2020","346,116"
"All States","2122 Metal Ores","Italy","2021","459,604"
"All States","2122 Metal Ores","Italy","2022","423,401"
"All States","2122 Metal Ores","Italy","2023","778,128"
"All States","2122 Metal Ores","Italy","2024","812,816"
"All States","2122 Metal Ores","Japan","2008","82,103"
"All States","2122 Metal Ores","Japan","2009","285,241"
"All States","2122 Metal Ores","Japan","2010","300,796"
"All States","2122 Metal Ores","Japan","2011","290,566"
"All States","2122 Metal Ores","Japan","2012","1,272,877"
"All States","2122 Metal Ores","Japan","2013","17,677"
"All States","2122 Metal Ores","Japan","2014","272,277"
"All States","2122 Metal Ores","Japan","2015","287,180"
"All States","2122 Metal Ores","Japan","2016","434,550"
"All States","2122 Metal Ores","Japan","2017","162,046"
"All States","2122 Metal Ores","Japan","2018","591,022"
"All States","2122 Metal Ores","Japan","2019","20,763"
"All States","2122 Metal Ores","Japan","2020","6,326,731"
"All States","2122 Metal Ores","Japan","2021","102,113"
"All States","2122 Metal Ores","Japan","2022","391,683"
"All States","2122 Metal Ores","Japan","2023","530,210"
"All States","2122 Metal Ores","Japan","2024","295,068"
"All States","2122 Metal Ores","Israel","2008","227,348"
"All States","2122 Metal Ores","Israel","2009","8,904"
"All States","2122 Metal Ores","Israel","2012","363,635"
"All States","2122 Metal Ores","Israel","2013","3,520"
"All States","2122 Metal Ores","Israel","2024","6,874"
"All States","2122 Metal Ores","Korea, South","2008","97,200"
"All States","2122 Metal Ores","Korea, South","2011","51,960"
"All States","2122 Metal Ores","Korea, South","2013","72,800"
"All States","2122 Metal Ores","Korea, South","2014","13,287"
"All States","2122 Metal Ores","Korea, South","2015","225,059"
"All States","2122 Metal Ores","Korea, South","2016","13,360"
"All States","2122 Metal Ores","Korea, South","2017","27,871"
"All States","2122 Metal Ores","Korea, South","2018","4,792"
"All States","2122 Metal Ores","Korea, South","2019","89,622"
"All States","2122 Metal Ores","Korea, South","2020","16,800"
"All States","2122 Metal Ores","Korea, South","2021","2,561"
"All States","2122 Metal Ores","Korea, South","2023","5,155,126"
"All States","2122 Metal Ores","Luxembourg","2014","3,199,403"
"All States","2122 Metal Ores","Luxembourg","2015","60,012"
"All States","2122 Metal Ores","Luxembourg","2022","1,743,727"
"All States","2122 Metal Ores","Mexico","2008","82,737,868"
"All States","2122 Metal Ores","Mexico","2009","55,282,666"
"All States","2122 Metal Ores","Mexico","2010","123,560,770"
"All States","2122 Metal Ores","Mexico","2011","235,329,186"
"All States","2122 Metal Ores","Mexico","2012","123,828,382"
"All States","2122 Metal Ores","Mexico","2013","60,833,299"
"All States","2122 Metal Ores","Mexico","2014","85,413,594"
"All States","2122 Metal Ores","Mexico","2015","51,062,586"
"All States","2122 Metal Ores","Mexico","2016","13,798,068"
"All States","2122 Metal Ores","Mexico","2017","62,988,811"
"All States","2122 Metal Ores","Mexico","2018","168,375,002"
"All States","2122 Metal Ores","Mexico","2019","224,308,817"
"All States","2122 Metal Ores","Mexico","2020","93,596,786"
"All States","2122 Metal Ores","Mexico","2021","105,852,474"
"All States","2122 Metal Ores","Mexico","2022","90,171,936"
"All States","2122 Metal Ores","Mexico","2023","112,395,100"
"All States","2122 Metal Ores","Mexico","2024","112,458,371"
"All States","2122 Metal Ores","Netherlands","2008","24,802"
"All States","2122 Metal Ores","Netherlands","2009","199,193"
"All States","2122 Metal Ores","Netherlands","2010","428,446"
"All States","2122 Metal Ores","Netherlands","2011","979,491"
"All States","2122 Metal Ores","Netherlands","2012","6,775,775"
"All States","2122 Metal Ores","Netherlands","2013","1,278,617"
"All States","2122 Metal Ores","Netherlands","2014","2,075,935"
"All States","2122 Metal Ores","Netherlands","2015","2,731,998"
"All States","2122 Metal Ores","Netherlands","2016","814,490"
"All States","2122 Metal Ores","Netherlands","2017","880,894"
"All States","2122 Metal Ores","Netherlands","2018","881,459"
"All States","2122 Metal Ores","Netherlands","2019","1,217,841"
"All States","2122 Metal Ores","Netherlands","2020","911,469"
"All States","2122 Metal Ores","Netherlands","2021","1,603,914"
"All States","2122 Metal Ores","Netherlands","2022","2,611,986"
"All States","2122 Metal Ores","Netherlands","2023","1,120,881"
"All States","2122 Metal Ores","Netherlands","2024","6,970,638"
"All States","2122 Metal Ores","New Zealand","2008","77,542"
"All States","2122 Metal Ores","New Zealand","2009","144,460"
"All States","2122 Metal Ores","New Zealand","2010","220,755"
"All States","2122 Metal Ores","New Zealand","2011","271,878"
"All States","2122 Metal Ores","New Zealand","2012","267,300"
"All States","2122 Metal Ores","New Zealand","2013","115,261"
"All States","2122 Metal Ores","New Zealand","2014","147,061"
"All States","2122 Metal Ores","New Zealand","2015","164,587"
"All States","2122 Metal Ores","New Zealand","2016","197,431"
"All States","2122 Metal Ores","New Zealand","2017","232,454"
"All States","2122 Metal Ores","New Zealand","2018","148,562"
"All States","2122 Metal Ores","New Zealand","2019","357,653"
"All States","2122 Metal Ores","New Zealand","2020","150,811"
"All States","2122 Metal Ores","New Zealand","2021","127,508"
"All States","2122 Metal Ores","New Zealand","2022","134,739"
"All States","2122 Metal Ores","New Zealand","2023","253,984"
"All States","2122 Metal Ores","New Zealand","2024","111,966"
"All States","2122 Metal Ores","Norway","2009","64,941"
"All States","2122 Metal Ores","Norway","2010","1,778,475"
"All States","2122 Metal Ores","Norway","2011","119,250"
"All States","2122 Metal Ores","Norway","2012","71,635"
"All States","2122 Metal Ores","Norway","2013","11,916,351"
"All States","2122 Metal Ores","Norway","2014","71,610"
"All States","2122 Metal Ores","Norway","2015","54,042"
"All States","2122 Metal Ores","Norway","2016","96,407"
"All States","2122 Metal Ores","Norway","2017","21,387,778"
"All States","2122 Metal Ores","Norway","2018","3,579,345"
"All States","2122 Metal Ores","Norway","2019","7,833,612"
"All States","2122 Metal Ores","Norway","2020","220,506"
"All States","2122 Metal Ores","Norway","2021","130,544"
"All States","2122 Metal Ores","Norway","2022","142,016"
"All States","2122 Metal Ores","Norway","2023","632,818"
"All States","2122 Metal Ores","Norway","2024","5,184,712"
"All States","2122 Metal Ores","Poland","2011","17,190"
"All States","2122 Metal Ores","Poland","2012","9,491"
"All States","2122 Metal Ores","Poland","2015","4,900"
"All States","2122 Metal Ores","Poland","2016","103,581"
"All States","2122 Metal Ores","Poland","2017","199,970"
"All States","2122 Metal Ores","Poland","2018","363,590"
"All States","2122 Metal Ores","Poland","2019","684,389"
"All States","2122 Metal Ores","Poland","2020","97,841"
"All States","2122 Metal Ores","Poland","2022","5,000"
"All States","2122 Metal Ores","Poland","2024","23,016"
"All States","2122 Metal Ores","Portugal","2008","23,128,251"
"All States","2122 Metal Ores","Portugal","2009","18,050,007"
"All States","2122 Metal Ores","Portugal","2010","15,940,054"
"All States","2122 Metal Ores","Portugal","2011","22,816,669"
"All States","2122 Metal Ores","Portugal","2012","26,220,040"
"All States","2122 Metal Ores","Portugal","2013","19,919,898"
"All States","2122 Metal Ores","Portugal","2014","20,442,754"
"All States","2122 Metal Ores","Portugal","2015","9,164,001"
"All States","2122 Metal Ores","Portugal","2016","10,325,308"
"All States","2122 Metal Ores","Portugal","2017","14,023,050"
"All States","2122 Metal Ores","Portugal","2018","24,526,398"
"All States","2122 Metal Ores","Portugal","2019","17,545,664"
"All States","2122 Metal Ores","Portugal","2020","15,624,424"
"All States","2122 Metal Ores","Portugal","2021","9,730,492"
"All States","2122 Metal Ores","Portugal","2022","9,903,687"
"All States","2122 Metal Ores","Portugal","2023","11,996,142"
"All States","2122 Metal Ores","Portugal","2024","7,381,533"
"All States","2122 Metal Ores","Slovakia","2022","19,041"
"All States","2122 Metal Ores","Spain","2008","4,460,353"
"All States","2122 Metal Ores","Spain","2009","4,405,048"
"All States","2122 Metal Ores","Spain","2010","5,689,546"
"All States","2122 Metal Ores","Spain","2011","24,550,816"
"All States","2122 Metal Ores","Spain","2012","21,658,394"
"All States","2122 Metal Ores","Spain","2013","16,480,778"
"All States","2122 Metal Ores","Spain","2014","26,832,058"
"All States","2122 Metal Ores","Spain","2015","20,168,852"
"All States","2122 Metal Ores","Spain","2016","13,941,323"
"All States","2122 Metal Ores","Spain","2017","11,971,434"
"All States","2122 Metal Ores","Spain","2018","19,199,068"
"All States","2122 Metal Ores","Spain","2019","7,334,613"
"All States","2122 Metal Ores","Spain","2020","1,064,040"
"All States","2122 Metal Ores","Spain","2021","1,770,797"
"All States","2122 Metal Ores","Spain","2022","18,305,352"
"All States","2122 Metal Ores","Spain","2023","4,161,928"
"All States","2122 Metal Ores","Spain","2024","6,954,515"
"All States","2122 Metal Ores","Sweden","2008","4,539,842"
"All States","2122 Metal Ores","Sweden","2009","6,099,479"
"All States","2122 Metal Ores","Sweden","2010","7,907,970"
"All States","2122 Metal Ores","Sweden","2011","16,465,063"
"All States","2122 Metal Ores","Sweden","2012","9,005,356"
"All States","2122 Metal Ores","Sweden","2013","7,727,116"
"All States","2122 Metal Ores","Sweden","2014","17,985,367"
"All States","2122 Metal Ores","Sweden","2015","6,424,236"
"All States","2122 Metal Ores","Sweden","2016","27,743,360"
"All States","2122 Metal Ores","Sweden","2017","64,101,244"
"All States","2122 Metal Ores","Sweden","2018","66,081,433"
"All States","2122 Metal Ores","Sweden","2019","80,683,882"
"All States","2122 Metal Ores","Sweden","2020","108,460,822"
"All States","2122 Metal Ores","Sweden","2021","141,320,794"
"All States","2122 Metal Ores","Sweden","2022","160,779,941"
"All States","2122 Metal Ores","Sweden","2023","62,851,988"
"All States","2122 Metal Ores","Sweden","2024","24,389,755"
"All States","2122 Metal Ores","Switzerland","2008","5,410,112"
"All States","2122 Metal Ores","Switzerland","2010","15,893"
"All States","2122 Metal Ores","Switzerland","2014","2,927,211"
"All States","2122 Metal Ores","Switzerland","2016","4,980"
"All States","2122 Metal Ores","Switzerland","2017","288,000"
"All States","2122 Metal Ores","Switzerland","2018","188,370"
"All States","2122 Metal Ores","Switzerland","2020","10,123,960"
"All States","2122 Metal Ores","Switzerland","2021","711,000"
"All States","2122 Metal Ores","Switzerland","2022","277,815"
"All States","2122 Metal Ores","Switzerland","2023","215,670"
"All States","2122 Metal Ores","Turkey","2008","10,776,050"
"All States","2122 Metal Ores","Turkey","2009","4,277,280"
"All States","2122 Metal Ores","Turkey","2010","9,697,503"
"All States","2122 Metal Ores","Turkey","2011","16,064,197"
"All States","2122 Metal Ores","Turkey","2012","12,775,886"
"All States","2122 Metal Ores","Turkey","2013","15,042,769"
"All States","2122 Metal Ores","Turkey","2014","22,527,041"
"All States","2122 Metal Ores","Turkey","2015","9,807,660"
"All States","2122 Metal Ores","Turkey","2016","9,425,097"
"All States","2122 Metal Ores","Turkey","2017","7,793,322"
"All States","2122 Metal Ores","Turkey","2018","11,451,138"
"All States","2122 Metal Ores","Turkey","2019","14,893,822"
"All States","2122 Metal Ores","Turkey","2020","6,179,903"
"All States","2122 Metal Ores","Turkey","2021","21,526,903"
"All States","2122 Metal Ores","Turkey","2022","20,823,206"
"All States","2122 Metal Ores","Turkey","2023","20,515,782"
"All States","2122 Metal Ores","Turkey","2024","17,307,305"
"All States","2122 Metal Ores","United Kingdom","2008","1,131,451"
"All States","2122 Metal Ores","United Kingdom","2009","2,003,259"
"All States","2122 Metal Ores","United Kingdom","2010","816,748"
"All States","2122 Metal Ores","United Kingdom","2011","536,984"
"All States","2122 Metal Ores","United Kingdom","2012","18,279,863"
"All States","2122 Metal Ores","United Kingdom","2013","745,168"
"All States","2122 Metal Ores","United Kingdom","2014","35,003"
"All States","2122 Metal Ores","United Kingdom","2015","1,408,285"
"All States","2122 Metal Ores","United Kingdom","2016","6,759,368"
"All States","2122 Metal Ores","United Kingdom","2017","12,805,675"
"All States","2122 Metal Ores","United Kingdom","2018","16,411,278"
"All States","2122 Metal Ores","United Kingdom","2019","4,357,322"
"All States","2122 Metal Ores","United Kingdom","2020","256,668"
"All States","2122 Metal Ores","United Kingdom","2021","582,204"
"All States","2122 Metal Ores","United Kingdom","2022","283,646"
"All States","2122 Metal Ores","United Kingdom","2023","125,432"
"All States","2122 Metal Ores","United Kingdom","2024","724,895"
"All States","2123 Nonmetallic Minerals","Colombia","2008","865,665"
"All States","2123 Nonmetallic Minerals","Colombia","2009","1,370,051"
"All States","2123 Nonmetallic Minerals","Colombia","2010","3,240,716"
"All States","2123 Nonmetallic Minerals","Colombia","2011","1,079,937"
"All States","2123 Nonmetallic Minerals","Colombia","2012","1,462,788"
"All States","2123 Nonmetallic Minerals","Colombia","2013","1,486,271"
"All States","2123 Nonmetallic Minerals","Colombia","2014","2,360,061"
"All States","2123 Nonmetallic Minerals","Colombia","2015","11,080,037"
"All States","2123 Nonmetallic Minerals","Colombia","2016","1,903,100"
"All States","2123 Nonmetallic Minerals","Colombia","2017","2,597,298"
"All States","2123 Nonmetallic Minerals","Colombia","2018","3,520,939"
"All States","2123 Nonmetallic Minerals","Colombia","2019","6,417,000"
"All States","2123 Nonmetallic Minerals","Colombia","2020","6,747,216"
"All States","2123 Nonmetallic Minerals","Colombia","2021","6,413,473"
"All States","2123 Nonmetallic Minerals","Colombia","2022","10,183,464"
"All States","2123 Nonmetallic Minerals","Colombia","2023","48,661,421"
"All States","2123 Nonmetallic Minerals","Colombia","2024","30,136,056"
"All States","2123 Nonmetallic Minerals","Costa Rica","2014","5,730"
"All States","2123 Nonmetallic Minerals","Costa Rica","2021","69,130"
"All States","2123 Nonmetallic Minerals","Costa Rica","2022","14,887"
"All States","2123 Nonmetallic Minerals","Costa Rica","2023","1,571,909"
"All States","2123 Nonmetallic Minerals","Costa Rica","2024","5,736,127"
"All States","2123 Nonmetallic Minerals","Latvia","2008","8,964,801"
"All States","2123 Nonmetallic Minerals","Latvia","2009","6,303,295"
"All States","2123 Nonmetallic Minerals","Latvia","2010","5,566,388"
"All States","2123 Nonmetallic Minerals","Latvia","2011","4,969,375"
"All States","2123 Nonmetallic Minerals","Latvia","2012","4,912,726"
"All States","2123 Nonmetallic Minerals","Latvia","2013","5,589,673"
"All States","2123 Nonmetallic Minerals","Latvia","2014","7,011,938"
"All States","2123 Nonmetallic Minerals","Latvia","2015","8,975,150"
"All States","2123 Nonmetallic Minerals","Latvia","2016","8,925,604"
"All States","2123 Nonmetallic Minerals","Latvia","2017","12,327,900"
"All States","2123 Nonmetallic Minerals","Latvia","2018","13,531,212"
"All States","2123 Nonmetallic Minerals","Latvia","2019","14,831,503"
"All States","2123 Nonmetallic Minerals","Latvia","2020","11,947,980"
"All States","2123 Nonmetallic Minerals","Latvia","2021","13,296,077"
"All States","2123 Nonmetallic Minerals","Latvia","2022","20,072,379"
"All States","2123 Nonmetallic Minerals","Latvia","2023","14,115,208"
"All States","2123 Nonmetallic Minerals","Latvia","2024","16,946,772"
"All States","2123 Nonmetallic Minerals","Lithuania","2008","263,297"
"All States","2123 Nonmetallic Minerals","Lithuania","2009","35,643"
"All States","2123 Nonmetallic Minerals","Lithuania","2010","33,999"
"All States","2123 Nonmetallic Minerals","Lithuania","2011","70,396"
"All States","2123 Nonmetallic Minerals","Lithuania","2012","156,646"
"All States","2123 Nonmetallic Minerals","Lithuania","2013","216,377"
"All States","2123 Nonmetallic Minerals","Lithuania","2014","235,662"
"All States","2123 Nonmetallic Minerals","Lithuania","2015","491,382"
"All States","2123 Nonmetallic Minerals","Lithuania","2016","443,873"
"All States","2123 Nonmetallic Minerals","Lithuania","2017","1,429,469"
"All States","2123 Nonmetallic Minerals","Lithuania","2018","1,530,409"
"All States","2123 Nonmetallic Minerals","Lithuania","2019","184,629"
"All States","2123 Nonmetallic Minerals","Lithuania","2020","370,622"
"All States","2123 Nonmetallic Minerals","Lithuania","2021","1,984,655"
"All States","2123 Nonmetallic Minerals","Lithuania","2022","942,065"
"All States","2123 Nonmetallic Minerals","Lithuania","2023","1,075,467"
"All States","2123 Nonmetallic Minerals","Lithuania","2024","2,736,885"
"All States","2123 Nonmetallic Minerals","Australia","2008","11,916,321"
"All States","2123 Nonmetallic Minerals","Australia","2009","8,463,213"
"All States","2123 Nonmetallic Minerals","Australia","2010","13,475,101"
"All States","2123 Nonmetallic Minerals","Australia","2011","13,029,229"
"All States","2123 Nonmetallic Minerals","Australia","2012","20,990,841"
"All States","2123 Nonmetallic Minerals","Australia","2013","21,185,815"
"All States","2123 Nonmetallic Minerals","Australia","2014","33,939,480"
"All States","2123 Nonmetallic Minerals","Australia","2015","56,106,660"
"All States","2123 Nonmetallic Minerals","Australia","2016","27,347,151"
"All States","2123 Nonmetallic Minerals","Australia","2017","20,544,615"
"All States","2123 Nonmetallic Minerals","Australia","2018","19,721,697"
"All States","2123 Nonmetallic Minerals","Australia","2019","28,141,969"
"All States","2123 Nonmetallic Minerals","Australia","2020","18,383,328"
"All States","2123 Nonmetallic Minerals","Australia","2021","20,350,625"
"All States","2123 Nonmetallic Minerals","Australia","2022","39,380,464"
"All States","2123 Nonmetallic Minerals","Australia","2023","33,024,126"
"All States","2123 Nonmetallic Minerals","Australia","2024","33,958,204"
"All States","2123 Nonmetallic Minerals","Austria","2008","299,042"
"All States","2123 Nonmetallic Minerals","Austria","2009","310,673"
"All States","2123 Nonmetallic Minerals","Austria","2010","354,154"
"All States","2123 Nonmetallic Minerals","Austria","2011","376,710"
"All States","2123 Nonmetallic Minerals","Austria","2012","464,297"
"All States","2123 Nonmetallic Minerals","Austria","2013","690,501"
"All States","2123 Nonmetallic Minerals","Austria","2014","1,202,772"
"All States","2123 Nonmetallic Minerals","Austria","2015","1,027,089"
"All States","2123 Nonmetallic Minerals","Austria","2016","1,303,834"
"All States","2123 Nonmetallic Minerals","Austria","2017","1,719,188"
"All States","2123 Nonmetallic Minerals","Austria","2018","1,529,122"
"All States","2123 Nonmetallic Minerals","Austria","2019","1,286,398"
"All States","2123 Nonmetallic Minerals","Austria","2020","2,707,081"
"All States","2123 Nonmetallic Minerals","Austria","2021","1,543,458"
"All States","2123 Nonmetallic Minerals","Austria","2022","1,363,140"
"All States","2123 Nonmetallic Minerals","Austria","2023","1,003,255"
"All States","2123 Nonmetallic Minerals","Austria","2024","824,544"
"All States","2123 Nonmetallic Minerals","Belgium","2008","1,338,730"
"All States","2123 Nonmetallic Minerals","Belgium","2009","1,330,894"
"All States","2123 Nonmetallic Minerals","Belgium","2010","1,504,366"
"All States","2123 Nonmetallic Minerals","Belgium","2011","1,637,536"
"All States","2123 Nonmetallic Minerals","Belgium","2012","1,887,426"
"All States","2123 Nonmetallic Minerals","Belgium","2013","2,405,977"
"All States","2123 Nonmetallic Minerals","Belgium","2014","2,622,391"
"All States","2123 Nonmetallic Minerals","Belgium","2015","4,565,623"
"All States","2123 Nonmetallic Minerals","Belgium","2016","13,698,243"
"All States","2123 Nonmetallic Minerals","Belgium","2017","8,460,749"
"All States","2123 Nonmetallic Minerals","Belgium","2018","30,562,916"
"All States","2123 Nonmetallic Minerals","Belgium","2019","10,909,195"
"All States","2123 Nonmetallic Minerals","Belgium","2020","15,508,324"
"All States","2123 Nonmetallic Minerals","Belgium","2021","12,699,671"
"All States","2123 Nonmetallic Minerals","Belgium","2022","9,032,571"
"All States","2123 Nonmetallic Minerals","Belgium","2023","10,316,807"
"All States","2123 Nonmetallic Minerals","Belgium","2024","6,016,703"
"All States","2123 Nonmetallic Minerals","Canada","2008","951,193,181"
"All States","2123 Nonmetallic Minerals","Canada","2009","645,854,931"
"All States","2123 Nonmetallic Minerals","Canada","2010","707,408,939"
"All States","2123 Nonmetallic Minerals","Canada","2011","781,959,082"
"All States","2123 Nonmetallic Minerals","Canada","2012","704,962,815"
"All States","2123 Nonmetallic Minerals","Canada","2013","773,147,661"
"All States","2123 Nonmetallic Minerals","Canada","2014","883,146,822"
"All States","2123 Nonmetallic Minerals","Canada","2015","880,155,784"
"All States","2123 Nonmetallic Minerals","Canada","2016","690,356,824"
"All States","2123 Nonmetallic Minerals","Canada","2017","751,887,280"
"All States","2123 Nonmetallic Minerals","Canada","2018","872,799,675"
"All States","2123 Nonmetallic Minerals","Canada","2019","923,806,836"
"All States","2123 Nonmetallic Minerals","Canada","2020","1,015,598,121"
"All States","2123 Nonmetallic Minerals","Canada","2021","1,354,861,341"
"All States","2123 Nonmetallic Minerals","Canada","2022","1,271,329,455"
"All States","2123 Nonmetallic Minerals","Canada","2023","1,024,893,827"
"All States","2123 Nonmetallic Minerals","Canada","2024","964,668,342"
"All States","2123 Nonmetallic Minerals","Chile","2008","68,761,943"
"All States","2123 Nonmetallic Minerals","Chile","2009","110,688,216"
"All States","2123 Nonmetallic Minerals","Chile","2010","96,444,231"
"All States","2123 Nonmetallic Minerals","Chile","2011","103,148,929"
"All States","2123 Nonmetallic Minerals","Chile","2012","71,251,543"
"All States","2123 Nonmetallic Minerals","Chile","2013","72,176,291"
"All States","2123 Nonmetallic Minerals","Chile","2014","171,744,934"
"All States","2123 Nonmetallic Minerals","Chile","2015","181,736,670"
"All States","2123 Nonmetallic Minerals","Chile","2016","105,549,993"
"All States","2123 Nonmetallic Minerals","Chile","2017","103,217,815"
"All States","2123 Nonmetallic Minerals","Chile","2018","187,468,784"
"All States","2123 Nonmetallic Minerals","Chile","2019","114,652,599"
"All States","2123 Nonmetallic Minerals","Chile","2020","92,958,126"
"All States","2123 Nonmetallic Minerals","Chile","2021","164,095,038"
"All States","2123 Nonmetallic Minerals","Chile","2022","151,788,553"
"All States","2123 Nonmetallic Minerals","Chile","2023","94,890,343"
"All States","2123 Nonmetallic Minerals","Chile","2024","75,789,797"
"All States","2123 Nonmetallic Minerals","Czech Republic","2008","66,567"
"All States","2123 Nonmetallic Minerals","Czech Republic","2009","124,047"
"All States","2123 Nonmetallic Minerals","Czech Republic","2010","97,847"
"All States","2123 Nonmetallic Minerals","Czech Republic","2011","157,744"
"All States","2123 Nonmetallic Minerals","Czech Republic","2012","104,676"
"All States","2123 Nonmetallic Minerals","Czech Republic","2013","50,222"
"All States","2123 Nonmetallic Minerals","Czech Republic","2014","78,781"
"All States","2123 Nonmetallic Minerals","Czech Republic","2015","916,757"
"All States","2123 Nonmetallic Minerals","Czech Republic","2016","146,680"
"All States","2123 Nonmetallic Minerals","Czech Republic","2017","152,215"
"All States","2123 Nonmetallic Minerals","Czech Republic","2018","322,431"
"All States","2123 Nonmetallic Minerals","Czech Republic","2019","245,142"
"All States","2123 Nonmetallic Minerals","Czech Republic","2020","350,068"
"All States","2123 Nonmetallic Minerals","Czech Republic","2021","465,225"
"All States","2123 Nonmetallic Minerals","Czech Republic","2022","1,461,598"
"All States","2123 Nonmetallic Minerals","Czech Republic","2023","549,366"
"All States","2123 Nonmetallic Minerals","Czech Republic","2024","307,448"
"All States","2123 Nonmetallic Minerals","Denmark","2008","296,986"
"All States","2123 Nonmetallic Minerals","Denmark","2009","396,453"
"All States","2123 Nonmetallic Minerals","Denmark","2010","414,913"
"All States","2123 Nonmetallic Minerals","Denmark","2011","565,150"
"All States","2123 Nonmetallic Minerals","Denmark","2012","389,316"
"All States","2123 Nonmetallic Minerals","Denmark","2013","541,935"
"All States","2123 Nonmetallic Minerals","Denmark","2014","753,705"
"All States","2123 Nonmetallic Minerals","Denmark","2015","1,651,408"
"All States","2123 Nonmetallic Minerals","Denmark","2016","2,390,850"
"All States","2123 Nonmetallic Minerals","Denmark","2017","1,872,523"
"All States","2123 Nonmetallic Minerals","Denmark","2018","2,009,174"
"All States","2123 Nonmetallic Minerals","Denmark","2019","1,429,279"
"All States","2123 Nonmetallic Minerals","Denmark","2020","2,957,416"
"All States","2123 Nonmetallic Minerals","Denmark","2021","3,426,173"
"All States","2123 Nonmetallic Minerals","Denmark","2022","3,608,893"
"All States","2123 Nonmetallic Minerals","Denmark","2023","2,876,935"
"All States","2123 Nonmetallic Minerals","Denmark","2024","3,829,567"
"All States","2123 Nonmetallic Minerals","Finland","2008","382,011"
"All States","2123 Nonmetallic Minerals","Finland","2009","431,260"
"All States","2123 Nonmetallic Minerals","Finland","2010","821,708"
"All States","2123 Nonmetallic Minerals","Finland","2011","471,713"
"All States","2123 Nonmetallic Minerals","Finland","2012","752,743"
"All States","2123 Nonmetallic Minerals","Finland","2013","1,421,678"
"All States","2123 Nonmetallic Minerals","Finland","2014","2,478,392"
"All States","2123 Nonmetallic Minerals","Finland","2015","1,305,611"
"All States","2123 Nonmetallic Minerals","Finland","2016","1,853,029"
"All States","2123 Nonmetallic Minerals","Finland","2017","1,516,668"
"All States","2123 Nonmetallic Minerals","Finland","2018","2,395,732"
"All States","2123 Nonmetallic Minerals","Finland","2019","1,313,207"
"All States","2123 Nonmetallic Minerals","Finland","2020","2,264,608"
"All States","2123 Nonmetallic Minerals","Finland","2021","2,133,389"
"All States","2123 Nonmetallic Minerals","Finland","2022","2,702,954"
"All States","2123 Nonmetallic Minerals","Finland","2023","2,558,134"
"All States","2123 Nonmetallic Minerals","Finland","2024","2,722,585"
"All States","2123 Nonmetallic Minerals","France","2008","28,166,265"
"All States","2123 Nonmetallic Minerals","France","2009","9,006,301"
"All States","2123 Nonmetallic Minerals","France","2010","9,262,708"
"All States","2123 Nonmetallic Minerals","France","2011","8,070,193"
"All States","2123 Nonmetallic Minerals","France","2012","9,433,735"
"All States","2123 Nonmetallic Minerals","France","2013","9,473,447"
"All States","2123 Nonmetallic Minerals","France","2014","8,659,762"
"All States","2123 Nonmetallic Minerals","France","2015","10,340,971"
"All States","2123 Nonmetallic Minerals","France","2016","9,750,718"
"All States","2123 Nonmetallic Minerals","France","2017","10,190,215"
"All States","2123 Nonmetallic Minerals","France","2018","10,833,861"
"All States","2123 Nonmetallic Minerals","France","2019","10,279,147"
"All States","2123 Nonmetallic Minerals","France","2020","10,197,486"
"All States","2123 Nonmetallic Minerals","France","2021","13,011,156"
"All States","2123 Nonmetallic Minerals","France","2022","12,138,169"
"All States","2123 Nonmetallic Minerals","France","2023","11,556,216"
"All States","2123 Nonmetallic Minerals","France","2024","14,645,362"
"All States","2123 Nonmetallic Minerals","Estonia","2008","302,980"
"All States","2123 Nonmetallic Minerals","Estonia","2009","383,350"
"All States","2123 Nonmetallic Minerals","Estonia","2010","387,147"
"All States","2123 Nonmetallic Minerals","Estonia","2011","1,365,123"
"All States","2123 Nonmetallic Minerals","Estonia","2012","1,165,727"
"All States","2123 Nonmetallic Minerals","Estonia","2013","58,958"
"All States","2123 Nonmetallic Minerals","Estonia","2014","154,445"
"All States","2123 Nonmetallic Minerals","Estonia","2015","746,368"
"All States","2123 Nonmetallic Minerals","Estonia","2016","81,262"
"All States","2123 Nonmetallic Minerals","Estonia","2017","1,153,279"
"All States","2123 Nonmetallic Minerals","Estonia","2018","68,338"
"All States","2123 Nonmetallic Minerals","Estonia","2019","61,527"
"All States","2123 Nonmetallic Minerals","Estonia","2020","1,178,409"
"All States","2123 Nonmetallic Minerals","Estonia","2021","3,225,813"
"All States","2123 Nonmetallic Minerals","Estonia","2022","3,268,564"
"All States","2123 Nonmetallic Minerals","Estonia","2023","3,493,152"
"All States","2123 Nonmetallic Minerals","Estonia","2024","7,368,885"
"All States","2123 Nonmetallic Minerals","Germany","2008","7,981,201"
"All States","2123 Nonmetallic Minerals","Germany","2009","5,551,789"
"All States","2123 Nonmetallic Minerals","Germany","2010","9,814,851"
"All States","2123 Nonmetallic Minerals","Germany","2011","10,993,910"
"All States","2123 Nonmetallic Minerals","Germany","2012","15,681,804"
"All States","2123 Nonmetallic Minerals","Germany","2013","11,804,306"
"All States","2123 Nonmetallic Minerals","Germany","2014","15,458,954"
"All States","2123 Nonmetallic Minerals","Germany","2015","20,873,281"
"All States","2123 Nonmetallic Minerals","Germany","2016","14,186,138"
"All States","2123 Nonmetallic Minerals","Germany","2017","15,912,735"
"All States","2123 Nonmetallic Minerals","Germany","2018","16,915,448"
"All States","2123 Nonmetallic Minerals","Germany","2019","18,775,235"
"All States","2123 Nonmetallic Minerals","Germany","2020","16,364,378"
"All States","2123 Nonmetallic Minerals","Germany","2021","14,354,670"
"All States","2123 Nonmetallic Minerals","Germany","2022","15,311,766"
"All States","2123 Nonmetallic Minerals","Germany","2023","13,637,647"
"All States","2123 Nonmetallic Minerals","Germany","2024","15,737,201"
"All States","2123 Nonmetallic Minerals","Greece","2008","18,251,599"
"All States","2123 Nonmetallic Minerals","Greece","2009","18,436,575"
"All States","2123 Nonmetallic Minerals","Greece","2010","18,606,494"
"All States","2123 Nonmetallic Minerals","Greece","2011","20,588,160"
"All States","2123 Nonmetallic Minerals","Greece","2012","16,068,251"
"All States","2123 Nonmetallic Minerals","Greece","2013","17,201,268"
"All States","2123 Nonmetallic Minerals","Greece","2014","17,439,354"
"All States","2123 Nonmetallic Minerals","Greece","2015","15,254,654"
"All States","2123 Nonmetallic Minerals","Greece","2016","21,199,366"
"All States","2123 Nonmetallic Minerals","Greece","2017","46,855,106"
"All States","2123 Nonmetallic Minerals","Greece","2018","66,190,148"
"All States","2123 Nonmetallic Minerals","Greece","2019","35,273,805"
"All States","2123 Nonmetallic Minerals","Greece","2020","31,659,701"
"All States","2123 Nonmetallic Minerals","Greece","2021","19,995,053"
"All States","2123 Nonmetallic Minerals","Greece","2022","29,882,346"
"All States","2123 Nonmetallic Minerals","Greece","2023","20,080,439"
"All States","2123 Nonmetallic Minerals","Greece","2024","28,870,497"
"All States","2123 Nonmetallic Minerals","Hungary","2009","3,150"
"All States","2123 Nonmetallic Minerals","Hungary","2011","249,567"
"All States","2123 Nonmetallic Minerals","Hungary","2012","489,120"
"All States","2123 Nonmetallic Minerals","Hungary","2013","554,080"
"All States","2123 Nonmetallic Minerals","Hungary","2014","253,746"
"All States","2123 Nonmetallic Minerals","Hungary","2015","807,395"
"All States","2123 Nonmetallic Minerals","Hungary","2016","409,735"
"All States","2123 Nonmetallic Minerals","Hungary","2017","327,085"
"All States","2123 Nonmetallic Minerals","Hungary","2018","115,927"
"All States","2123 Nonmetallic Minerals","Hungary","2019","126,439"
"All States","2123 Nonmetallic Minerals","Hungary","2020","253,654"
"All States","2123 Nonmetallic Minerals","Hungary","2021","572,102"
"All States","2123 Nonmetallic Minerals","Hungary","2022","547,735"
"All States","2123 Nonmetallic Minerals","Hungary","2023","442,383"
"All States","2123 Nonmetallic Minerals","Hungary","2024","302,884"
"All States","2123 Nonmetallic Minerals","Iceland","2008","610,782"
"All States","2123 Nonmetallic Minerals","Iceland","2010","303,652"
"All States","2123 Nonmetallic Minerals","Iceland","2012","28,349"
"All States","2123 Nonmetallic Minerals","Iceland","2013","4,800"
"All States","2123 Nonmetallic Minerals","Iceland","2014","78,560"
"All States","2123 Nonmetallic Minerals","Iceland","2015","803,019"
"All States","2123 Nonmetallic Minerals","Iceland","2016","769,763"
"All States","2123 Nonmetallic Minerals","Iceland","2017","877,962"
"All States","2123 Nonmetallic Minerals","Iceland","2018","862,653"
"All States","2123 Nonmetallic Minerals","Iceland","2019","1,259,116"
"All States","2123 Nonmetallic Minerals","Iceland","2020","1,470,926"
"All States","2123 Nonmetallic Minerals","Iceland","2021","724,791"
"All States","2123 Nonmetallic Minerals","Iceland","2022","3,214,817"
"All States","2123 Nonmetallic Minerals","Iceland","2023","1,888,750"
"All States","2123 Nonmetallic Minerals","Iceland","2024","2,872,967"
"All States","2123 Nonmetallic Minerals","Ireland","2008","896,494"
"All States","2123 Nonmetallic Minerals","Ireland","2009","513,807"
"All States","2123 Nonmetallic Minerals","Ireland","2010","570,958"
"All States","2123 Nonmetallic Minerals","Ireland","2011","445,447"
"All States","2123 Nonmetallic Minerals","Ireland","2012","3,434,402"
"All States","2123 Nonmetallic Minerals","Ireland","2013","6,771,593"
"All States","2123 Nonmetallic Minerals","Ireland","2014","5,263,728"
"All States","2123 Nonmetallic Minerals","Ireland","2015","4,237,832"
"All States","2123 Nonmetallic Minerals","Ireland","2016","11,288,667"
"All States","2123 Nonmetallic Minerals","Ireland","2017","19,536,279"
"All States","2123 Nonmetallic Minerals","Ireland","2018","28,930,680"
"All States","2123 Nonmetallic Minerals","Ireland","2019","24,722,552"
"All States","2123 Nonmetallic Minerals","Ireland","2020","34,290,564"
"All States","2123 Nonmetallic Minerals","Ireland","2021","30,621,428"
"All States","2123 Nonmetallic Minerals","Ireland","2022","42,936,573"
"All States","2123 Nonmetallic Minerals","Ireland","2023","46,028,801"
"All States","2123 Nonmetallic Minerals","Ireland","2024","41,432,526"
"All States","2123 Nonmetallic Minerals","Italy","2008","11,948,006"
"All States","2123 Nonmetallic Minerals","Italy","2009","8,489,661"
"All States","2123 Nonmetallic Minerals","Italy","2010","8,163,994"
"All States","2123 Nonmetallic Minerals","Italy","2011","8,252,655"
"All States","2123 Nonmetallic Minerals","Italy","2012","8,397,997"
"All States","2123 Nonmetallic Minerals","Italy","2013","13,608,209"
"All States","2123 Nonmetallic Minerals","Italy","2014","13,628,833"
"All States","2123 Nonmetallic Minerals","Italy","2015","23,657,053"
"All States","2123 Nonmetallic Minerals","Italy","2016","14,959,800"
"All States","2123 Nonmetallic Minerals","Italy","2017","19,180,437"
"All States","2123 Nonmetallic Minerals","Italy","2018","42,659,441"
"All States","2123 Nonmetallic Minerals","Italy","2019","24,175,326"
"All States","2123 Nonmetallic Minerals","Italy","2020","24,827,390"
"All States","2123 Nonmetallic Minerals","Italy","2021","23,042,944"
"All States","2123 Nonmetallic Minerals","Italy","2022","26,504,946"
"All States","2123 Nonmetallic Minerals","Italy","2023","21,834,558"
"All States","2123 Nonmetallic Minerals","Italy","2024","23,985,743"
"All States","2123 Nonmetallic Minerals","Japan","2008","7,781,684"
"All States","2123 Nonmetallic Minerals","Japan","2009","4,652,613"
"All States","2123 Nonmetallic Minerals","Japan","2010","5,572,408"
"All States","2123 Nonmetallic Minerals","Japan","2011","5,719,654"
"All States","2123 Nonmetallic Minerals","Japan","2012","6,430,350"
"All States","2123 Nonmetallic Minerals","Japan","2013","7,754,278"
"All States","2123 Nonmetallic Minerals","Japan","2014","7,228,283"
"All States","2123 Nonmetallic Minerals","Japan","2015","7,436,271"
"All States","2123 Nonmetallic Minerals","Japan","2016","12,395,267"
"All States","2123 Nonmetallic Minerals","Japan","2017","8,964,252"
"All States","2123 Nonmetallic Minerals","Japan","2018","12,499,437"
"All States","2123 Nonmetallic Minerals","Japan","2019","13,058,199"
"All States","2123 Nonmetallic Minerals","Japan","2020","18,272,126"
"All States","2123 Nonmetallic Minerals","Japan","2021","20,185,596"
"All States","2123 Nonmetallic Minerals","Japan","2022","18,449,490"
"All States","2123 Nonmetallic Minerals","Japan","2023","22,570,438"
"All States","2123 Nonmetallic Minerals","Japan","2024","11,245,875"
"All States","2123 Nonmetallic Minerals","Israel","2008","5,425,170"
"All States","2123 Nonmetallic Minerals","Israel","2009","5,640,184"
"All States","2123 Nonmetallic Minerals","Israel","2010","6,012,823"
"All States","2123 Nonmetallic Minerals","Israel","2011","5,485,468"
"All States","2123 Nonmetallic Minerals","Israel","2012","7,039,058"
"All States","2123 Nonmetallic Minerals","Israel","2013","7,173,654"
"All States","2123 Nonmetallic Minerals","Israel","2014","10,662,019"
"All States","2123 Nonmetallic Minerals","Israel","2015","10,538,259"
"All States","2123 Nonmetallic Minerals","Israel","2016","12,730,115"
"All States","2123 Nonmetallic Minerals","Israel","2017","11,870,999"
"All States","2123 Nonmetallic Minerals","Israel","2018","10,484,193"
"All States","2123 Nonmetallic Minerals","Israel","2019","11,740,250"
"All States","2123 Nonmetallic Minerals","Israel","2020","10,444,656"
"All States","2123 Nonmetallic Minerals","Israel","2021","12,285,997"
"All States","2123 Nonmetallic Minerals","Israel","2022","19,131,569"
"All States","2123 Nonmetallic Minerals","Israel","2023","15,427,477"
"All States","2123 Nonmetallic Minerals","Israel","2024","13,932,917"
"All States","2123 Nonmetallic Minerals","Korea, South","2008","1,223,577"
"All States","2123 Nonmetallic Minerals","Korea, South","2009","967,299"
"All States","2123 Nonmetallic Minerals","Korea, South","2010","2,406,316"
"All States","2123 Nonmetallic Minerals","Korea, South","2011","2,166,739"
"All States","2123 Nonmetallic Minerals","Korea, South","2012","2,351,347"
"All States","2123 Nonmetallic Minerals","Korea, South","2013","3,023,568"
"All States","2123 Nonmetallic Minerals","Korea, South","2014","5,948,402"
"All States","2123 Nonmetallic Minerals","Korea, South","2015","9,457,022"
"All States","2123 Nonmetallic Minerals","Korea, South","2016","9,799,146"
"All States","2123 Nonmetallic Minerals","Korea, South","2017","10,643,726"
"All States","2123 Nonmetallic Minerals","Korea, South","2018","11,436,701"
"All States","2123 Nonmetallic Minerals","Korea, South","2019","11,301,753"
"All States","2123 Nonmetallic Minerals","Korea, South","2020","8,290,519"
"All States","2123 Nonmetallic Minerals","Korea, South","2021","17,931,553"
"All States","2123 Nonmetallic Minerals","Korea, South","2022","16,324,720"
"All States","2123 Nonmetallic Minerals","Korea, South","2023","12,061,576"
"All States","2123 Nonmetallic Minerals","Korea, South","2024","12,765,888"
"All States","2123 Nonmetallic Minerals","Luxembourg","2016","14,229"
"All States","2123 Nonmetallic Minerals","Luxembourg","2017","7,654"
"All States","2123 Nonmetallic Minerals","Mexico","2008","295,464,307"
"All States","2123 Nonmetallic Minerals","Mexico","2009","151,349,286"
"All States","2123 Nonmetallic Minerals","Mexico","2010","217,380,354"
"All States","2123 Nonmetallic Minerals","Mexico","2011","312,240,659"
"All States","2123 Nonmetallic Minerals","Mexico","2012","257,049,749"
"All States","2123 Nonmetallic Minerals","Mexico","2013","241,940,632"
"All States","2123 Nonmetallic Minerals","Mexico","2014","283,356,514"
"All States","2123 Nonmetallic Minerals","Mexico","2015","253,626,464"
"All States","2123 Nonmetallic Minerals","Mexico","2016","221,595,066"
"All States","2123 Nonmetallic Minerals","Mexico","2017","221,844,302"
"All States","2123 Nonmetallic Minerals","Mexico","2018","241,203,526"
"All States","2123 Nonmetallic Minerals","Mexico","2019","265,630,121"
"All States","2123 Nonmetallic Minerals","Mexico","2020","231,358,434"
"All States","2123 Nonmetallic Minerals","Mexico","2021","282,802,411"
"All States","2123 Nonmetallic Minerals","Mexico","2022","212,224,470"
"All States","2123 Nonmetallic Minerals","Mexico","2023","227,771,686"
"All States","2123 Nonmetallic Minerals","Mexico","2024","258,949,914"
"All States","2123 Nonmetallic Minerals","Netherlands","2008","5,690,324"
"All States","2123 Nonmetallic Minerals","Netherlands","2009","7,030,954"
"All States","2123 Nonmetallic Minerals","Netherlands","2010","12,035,020"
"All States","2123 Nonmetallic Minerals","Netherlands","2011","6,781,967"
"All States","2123 Nonmetallic Minerals","Netherlands","2012","6,684,496"
"All States","2123 Nonmetallic Minerals","Netherlands","2013","9,496,090"
"All States","2123 Nonmetallic Minerals","Netherlands","2014","10,865,994"
"All States","2123 Nonmetallic Minerals","Netherlands","2015","13,647,181"
"All States","2123 Nonmetallic Minerals","Netherlands","2016","16,087,736"
"All States","2123 Nonmetallic Minerals","Netherlands","2017","20,429,579"
"All States","2123 Nonmetallic Minerals","Netherlands","2018","20,222,898"
"All States","2123 Nonmetallic Minerals","Netherlands","2019","15,838,962"
"All States","2123 Nonmetallic Minerals","Netherlands","2020","19,510,525"
"All States","2123 Nonmetallic Minerals","Netherlands","2021","22,170,399"
"All States","2123 Nonmetallic Minerals","Netherlands","2022","33,746,425"
"All States","2123 Nonmetallic Minerals","Netherlands","2023","20,497,715"
"All States","2123 Nonmetallic Minerals","Netherlands","2024","24,291,215"
"All States","2123 Nonmetallic Minerals","New Zealand","2008","2,158,375"
"All States","2123 Nonmetallic Minerals","New Zealand","2009","821,712"
"All States","2123 Nonmetallic Minerals","New Zealand","2010","1,594,758"
"All States","2123 Nonmetallic Minerals","New Zealand","2011","2,145,065"
"All States","2123 Nonmetallic Minerals","New Zealand","2012","1,894,457"
"All States","2123 Nonmetallic Minerals","New Zealand","2013","1,579,464"
"All States","2123 Nonmetallic Minerals","New Zealand","2014","2,671,439"
"All States","2123 Nonmetallic Minerals","New Zealand","2015","3,024,350"
"All States","2123 Nonmetallic Minerals","New Zealand","2016","2,827,392"
"All States","2123 Nonmetallic Minerals","New Zealand","2017","2,362,220"
"All States","2123 Nonmetallic Minerals","New Zealand","2018","2,875,865"
"All States","2123 Nonmetallic Minerals","New Zealand","2019","2,647,733"
"All States","2123 Nonmetallic Minerals","New Zealand","2020","3,055,731"
"All States","2123 Nonmetallic Minerals","New Zealand","2021","3,149,135"
"All States","2123 Nonmetallic Minerals","New Zealand","2022","4,764,062"
"All States","2123 Nonmetallic Minerals","New Zealand","2023","2,505,115"
"All States","2123 Nonmetallic Minerals","New Zealand","2024","3,128,281"
"All States","2123 Nonmetallic Minerals","Norway","2008","3,658,148"
"All States","2123 Nonmetallic Minerals","Norway","2009","3,949,863"
"All States","2123 Nonmetallic Minerals","Norway","2010","4,670,970"
"All States","2123 Nonmetallic Minerals","Norway","2011","4,261,422"
"All States","2123 Nonmetallic Minerals","Norway","2012","6,837,133"
"All States","2123 Nonmetallic Minerals","Norway","2013","4,897,145"
"All States","2123 Nonmetallic Minerals","Norway","2014","6,262,104"
"All States","2123 Nonmetallic Minerals","Norway","2015","4,277,788"
"All States","2123 Nonmetallic Minerals","Norway","2016","3,034,315"
"All States","2123 Nonmetallic Minerals","Norway","2017","4,279,115"
"All States","2123 Nonmetallic Minerals","Norway","2018","4,364,558"
"All States","2123 Nonmetallic Minerals","Norway","2019","3,397,728"
"All States","2123 Nonmetallic Minerals","Norway","2020","3,043,864"
"All States","2123 Nonmetallic Minerals","Norway","2021","4,890,705"
"All States","2123 Nonmetallic Minerals","Norway","2022","6,400,287"
"All States","2123 Nonmetallic Minerals","Norway","2023","4,927,553"
"All States","2123 Nonmetallic Minerals","Norway","2024","6,642,685"
"All States","2123 Nonmetallic Minerals","Poland","2008","250,880"
"All States","2123 Nonmetallic Minerals","Poland","2009","99,117"
"All States","2123 Nonmetallic Minerals","Poland","2010","76,211"
"All States","2123 Nonmetallic Minerals","Poland","2011","8,682"
"All States","2123 Nonmetallic Minerals","Poland","2012","73,257"
"All States","2123 Nonmetallic Minerals","Poland","2013","162,763"
"All States","2123 Nonmetallic Minerals","Poland","2014","494,735"
"All States","2123 Nonmetallic Minerals","Poland","2015","932,589"
"All States","2123 Nonmetallic Minerals","Poland","2016","1,100,052"
"All States","2123 Nonmetallic Minerals","Poland","2017","1,456,281"
"All States","2123 Nonmetallic Minerals","Poland","2018","1,386,940"
"All States","2123 Nonmetallic Minerals","Poland","2019","2,164,972"
"All States","2123 Nonmetallic Minerals","Poland","2020","1,975,514"
"All States","2123 Nonmetallic Minerals","Poland","2021","779,836"
"All States","2123 Nonmetallic Minerals","Poland","2022","3,021,717"
"All States","2123 Nonmetallic Minerals","Poland","2023","1,348,286"
"All States","2123 Nonmetallic Minerals","Poland","2024","1,225,156"
"All States","2123 Nonmetallic Minerals","Portugal","2008","291,840"
"All States","2123 Nonmetallic Minerals","Portugal","2009","155,616"
"All States","2123 Nonmetallic Minerals","Portugal","2010","226,315"
"All States","2123 Nonmetallic Minerals","Portugal","2011","254,650"
"All States","2123 Nonmetallic Minerals","Portugal","2012","446,351"
"All States","2123 Nonmetallic Minerals","Portugal","2013","460,046"
"All States","2123 Nonmetallic Minerals","Portugal","2014","1,098,467"
"All States","2123 Nonmetallic Minerals","Portugal","2015","1,683,333"
"All States","2123 Nonmetallic Minerals","Portugal","2016","1,322,776"
"All States","2123 Nonmetallic Minerals","Portugal","2017","1,499,191"
"All States","2123 Nonmetallic Minerals","Portugal","2018","881,027"
"All States","2123 Nonmetallic Minerals","Portugal","2019","1,454,716"
"All States","2123 Nonmetallic Minerals","Portugal","2020","721,748"
"All States","2123 Nonmetallic Minerals","Portugal","2021","757,761"
"All States","2123 Nonmetallic Minerals","Portugal","2022","1,461,102"
"All States","2123 Nonmetallic Minerals","Portugal","2023","2,017,874"
"All States","2123 Nonmetallic Minerals","Portugal","2024","2,047,834"
"All States","2123 Nonmetallic Minerals","Slovakia","2008","83,126"
"All States","2123 Nonmetallic Minerals","Slovakia","2009","68,897"
"All States","2123 Nonmetallic Minerals","Slovakia","2010","399,156"
"All States","2123 Nonmetallic Minerals","Slovakia","2013","68,134"
"All States","2123 Nonmetallic Minerals","Slovakia","2014","3,246"
"All States","2123 Nonmetallic Minerals","Slovakia","2015","2,831"
"All States","2123 Nonmetallic Minerals","Slovakia","2016","15,792"
"All States","2123 Nonmetallic Minerals","Slovakia","2018","35,985"
"All States","2123 Nonmetallic Minerals","Slovakia","2019","2,917"
"All States","2123 Nonmetallic Minerals","Slovakia","2020","15,498"
"All States","2123 Nonmetallic Minerals","Slovakia","2021","16,551"
"All States","2123 Nonmetallic Minerals","Slovakia","2023","79,323"
"All States","2123 Nonmetallic Minerals","Slovakia","2024","15,732"
"All States","2123 Nonmetallic Minerals","Spain","2008","14,603,311"
"All States","2123 Nonmetallic Minerals","Spain","2009","7,561,404"
"All States","2123 Nonmetallic Minerals","Spain","2010","9,555,528"
"All States","2123 Nonmetallic Minerals","Spain","2011","18,934,800"
"All States","2123 Nonmetallic Minerals","Spain","2012","23,912,767"
"All States","2123 Nonmetallic Minerals","Spain","2013","19,333,783"
"All States","2123 Nonmetallic Minerals","Spain","2014","36,805,637"
"All States","2123 Nonmetallic Minerals","Spain","2015","47,987,089"
"All States","2123 Nonmetallic Minerals","Spain","2016","49,440,141"
"All States","2123 Nonmetallic Minerals","Spain","2017","58,645,330"
"All States","2123 Nonmetallic Minerals","Spain","2018","79,986,663"
"All States","2123 Nonmetallic Minerals","Spain","2019","77,365,768"
"All States","2123 Nonmetallic Minerals","Spain","2020","76,093,360"
"All States","2123 Nonmetallic Minerals","Spain","2021","77,293,829"
"All States","2123 Nonmetallic Minerals","Spain","2022","85,155,909"
"All States","2123 Nonmetallic Minerals","Spain","2023","112,450,022"
"All States","2123 Nonmetallic Minerals","Spain","2024","129,624,574"
"All States","2123 Nonmetallic Minerals","Sweden","2008","268,173"
"All States","2123 Nonmetallic Minerals","Sweden","2009","396,255"
"All States","2123 Nonmetallic Minerals","Sweden","2010","564,363"
"All States","2123 Nonmetallic Minerals","Sweden","2011","589,907"
"All States","2123 Nonmetallic Minerals","Sweden","2012","740,813"
"All States","2123 Nonmetallic Minerals","Sweden","2013","813,361"
"All States","2123 Nonmetallic Minerals","Sweden","2014","10,213,046"
"All States","2123 Nonmetallic Minerals","Sweden","2015","2,424,330"
"All States","2123 Nonmetallic Minerals","Sweden","2016","628,609"
"All States","2123 Nonmetallic Minerals","Sweden","2017","548,620"
"All States","2123 Nonmetallic Minerals","Sweden","2018","474,359"
"All States","2123 Nonmetallic Minerals","Sweden","2019","252,253"
"All States","2123 Nonmetallic Minerals","Sweden","2020","337,892"
"All States","2123 Nonmetallic Minerals","Sweden","2021","328,541"
"All States","2123 Nonmetallic Minerals","Sweden","2022","594,691"
"All States","2123 Nonmetallic Minerals","Sweden","2023","386,651"
"All States","2123 Nonmetallic Minerals","Sweden","2024","306,906"
"All States","2123 Nonmetallic Minerals","Switzerland","2008","71,191"
"All States","2123 Nonmetallic Minerals","Switzerland","2009","1,027,440"
"All States","2123 Nonmetallic Minerals","Switzerland","2010","176,370"
"All States","2123 Nonmetallic Minerals","Switzerland","2011","289,516"
"All States","2123 Nonmetallic Minerals","Switzerland","2012","542,789"
"All States","2123 Nonmetallic Minerals","Switzerland","2013","69,138"
"All States","2123 Nonmetallic Minerals","Switzerland","2014","111,878"
"All States","2123 Nonmetallic Minerals","Switzerland","2015","217,297"
"All States","2123 Nonmetallic Minerals","Switzerland","2016","300,099"
"All States","2123 Nonmetallic Minerals","Switzerland","2017","8,494,124"
"All States","2123 Nonmetallic Minerals","Switzerland","2018","21,214,113"
"All States","2123 Nonmetallic Minerals","Switzerland","2019","15,984,473"
"All States","2123 Nonmetallic Minerals","Switzerland","2020","1,459,003"
"All States","2123 Nonmetallic Minerals","Switzerland","2021","2,945,832"
"All States","2123 Nonmetallic Minerals","Switzerland","2022","2,301,835"
"All States","2123 Nonmetallic Minerals","Switzerland","2023","2,719,412"
"All States","2123 Nonmetallic Minerals","Switzerland","2024","1,746,679"
"All States","2123 Nonmetallic Minerals","Slovenia","2008","2,998"
"All States","2123 Nonmetallic Minerals","Slovenia","2010","51,386"
"All States","2123 Nonmetallic Minerals","Slovenia","2011","38,675"
"All States","2123 Nonmetallic Minerals","Slovenia","2012","10,389"
"All States","2123 Nonmetallic Minerals","Slovenia","2013","8,341"
"All States","2123 Nonmetallic Minerals","Slovenia","2014","6,713"
"All States","2123 Nonmetallic Minerals","Slovenia","2015","4,543"
"All States","2123 Nonmetallic Minerals","Slovenia","2016","12,147"
"All States","2123 Nonmetallic Minerals","Slovenia","2017","125,917"
"All States","2123 Nonmetallic Minerals","Slovenia","2018","8,543"
"All States","2123 Nonmetallic Minerals","Slovenia","2019","681,954"
"All States","2123 Nonmetallic Minerals","Slovenia","2020","156,051"
"All States","2123 Nonmetallic Minerals","Slovenia","2021","196,186"
"All States","2123 Nonmetallic Minerals","Slovenia","2022","33,520"
"All States","2123 Nonmetallic Minerals","Slovenia","2023","8,593"
"All States","2123 Nonmetallic Minerals","Slovenia","2024","127,300"
"All States","2123 Nonmetallic Minerals","Turkey","2008","14,983,870"
"All States","2123 Nonmetallic Minerals","Turkey","2009","6,564,871"
"All States","2123 Nonmetallic Minerals","Turkey","2010","11,899,540"
"All States","2123 Nonmetallic Minerals","Turkey","2011","10,975,303"
"All States","2123 Nonmetallic Minerals","Turkey","2012","20,309,012"
"All States","2123 Nonmetallic Minerals","Turkey","2013","28,252,140"
"All States","2123 Nonmetallic Minerals","Turkey","2014","29,778,449"
"All States","2123 Nonmetallic Minerals","Turkey","2015","39,856,257"
"All States","2123 Nonmetallic Minerals","Turkey","2016","39,078,159"
"All States","2123 Nonmetallic Minerals","Turkey","2017","64,767,530"
"All States","2123 Nonmetallic Minerals","Turkey","2018","67,933,208"
"All States","2123 Nonmetallic Minerals","Turkey","2019","67,240,061"
"All States","2123 Nonmetallic Minerals","Turkey","2020","91,635,796"
"All States","2123 Nonmetallic Minerals","Turkey","2021","60,491,935"
"All States","2123 Nonmetallic Minerals","Turkey","2022","82,427,172"
"All States","2123 Nonmetallic Minerals","Turkey","2023","38,987,989"
"All States","2123 Nonmetallic Minerals","Turkey","2024","55,583,266"
"All States","2123 Nonmetallic Minerals","United Kingdom","2008","12,191,330"
"All States","2123 Nonmetallic Minerals","United Kingdom","2009","7,309,790"
"All States","2123 Nonmetallic Minerals","United Kingdom","2010","7,065,955"
"All States","2123 Nonmetallic Minerals","United Kingdom","2011","6,600,404"
"All States","2123 Nonmetallic Minerals","United Kingdom","2012","11,367,975"
"All States","2123 Nonmetallic Minerals","United Kingdom","2013","12,469,178"
"All States","2123 Nonmetallic Minerals","United Kingdom","2014","20,850,272"
"All States","2123 Nonmetallic Minerals","United Kingdom","2015","11,200,810"
"All States","2123 Nonmetallic Minerals","United Kingdom","2016","11,027,331"
"All States","2123 Nonmetallic Minerals","United Kingdom","2017","12,572,492"
"All States","2123 Nonmetallic Minerals","United Kingdom","2018","10,187,434"
"All States","2123 Nonmetallic Minerals","United Kingdom","2019","12,088,084"
"All States","2123 Nonmetallic Minerals","United Kingdom","2020","12,439,166"
"All States","2123 Nonmetallic Minerals","United Kingdom","2021","15,065,734"
"All States","2123 Nonmetallic Minerals","United Kingdom","2022","18,598,086"
"All States","2123 Nonmetallic Minerals","United Kingdom","2023","16,832,875"
"All States","2123 Nonmetallic Minerals","United Kingdom","2024","21,065,685"
