countrycode,year,sector,VA,EMP,PPP_y,PPP_z,PPP_va,xr,i_ppp
ARG,2017,agr,1057367,1045,8.61,11.51,6.55,16.56,Double deflated
ARG,2017,bus,1678397,2229,12.37,12.11,12.64,16.56,Double deflated
ARG,2017,con,840124,1495,6.95,16.21,2.45,16.56,Double deflated
ARG,2017,dwe,410065,147,7.24,11.05,6.2,16.56,Double deflated
ARG,2017,fin,683934,283,14.75,12.36,16.63,16.56,Double deflated
ARG,2017,man,4458416,2057,15.6,14.26,17.48,16.56,Double deflated
ARG,2017,min,507784,51,24.49,15.69,35.26,16.56,Double deflated
ARG,2017,oth,637046,2314,8.83,10.94,7.65,16.56,Double deflated
ARG,2017,pu,396714,262,11.31,13.6,9.12,16.56,Double deflated
ARG,2017,pub,2716435,5192,6.31,11.82,4.59,16.56,Double deflated
ARG,2017,tra,901787,1255,12.66,11.98,14.17,16.56,Double deflated
ARG,2017,trd,2626075,3702,15.22,11.5,18.15,16.56,Double deflated
AUS,2017,agr,45418,329,1.34,1.51,1.22,1.3,Double deflated
AUS,2017,bus,239466,1702,1.63,1.68,1.6,1.3,Double deflated
AUS,2017,con,141667,1171,1.36,2.0,1.18,1.3,Double deflated
AUS,2017,dwe,199698,175,1.91,1.65,2.03,1.3,Double deflated
AUS,2017,fin,160971,431,1.59,1.59,1.6,1.3,Double deflated
AUS,2017,man,106848,906,1.64,1.65,1.57,1.3,Double deflated
AUS,2017,min,151403,223,2.39,1.84,3.0,1.3,Double deflated
AUS,2017,oth,47614,745,1.42,1.48,1.43,1.3,Double deflated
AUS,2017,pu,46281,149,2.27,1.95,2.93,1.3,Double deflated
AUS,2017,pub,310059,3436,1.29,1.61,1.13,1.3,Double deflated
AUS,2017,tra,85545,640,1.88,1.6,2.3,1.3,Double deflated
AUS,2017,trd,190741,2543,1.37,1.64,1.19,1.3,Double deflated
AUT,2017,agr,4456,168,0.98,0.98,0.98,0.89,Double deflated
AUT,2017,bus,44286,646,0.89,0.91,0.87,0.89,Double deflated
AUT,2017,con,21317,294,0.54,1.1,0.24,0.89,Double deflated
AUT,2017,dwe,32642,63,0.67,0.83,0.62,0.89,Double deflated
AUT,2017,fin,13782,124,0.72,0.8,0.66,0.89,Double deflated
AUT,2017,man,62518,639,1.12,1.09,1.13,0.89,Double deflated
AUT,2017,min,1089,6,1.09,1.04,1.07,0.89,Double deflated
AUT,2017,oth,9304,199,0.91,0.89,0.9,0.89,Double deflated
AUT,2017,pu,9398,50,1.36,1.18,1.96,0.89,Double deflated
AUT,2017,pub,57601,1042,0.67,0.94,0.55,0.89,Double deflated
AUT,2017,tra,18669,215,1.22,1.04,1.45,0.89,Double deflated
AUT,2017,trd,55274,967,0.68,0.91,0.55,0.89,Double deflated
BEL,2017,agr,2844,59,0.84,1.01,0.62,0.89,Double deflated
BEL,2017,bus,77209,1058,0.92,0.94,0.9,0.89,Double deflated
BEL,2017,con,20291,276,0.49,1.06,0.21,0.89,Double deflated
BEL,2017,dwe,36527,29,0.77,0.78,0.75,0.89,Double deflated
BEL,2017,fin,24765,121,0.7,0.81,0.62,0.89,Double deflated
BEL,2017,man,55744,503,1.18,1.12,1.27,0.89,Double deflated
BEL,2017,min,248,3,1.22,1.17,1.12,0.89,Double deflated
BEL,2017,oth,8219,202,0.79,0.91,0.74,0.89,Double deflated
BEL,2017,pu,9916,51,1.64,1.29,2.34,0.89,Double deflated
BEL,2017,pub,85689,1454,0.74,0.99,0.63,0.89,Double deflated
BEL,2017,tra,22227,252,1.2,1.11,1.38,0.89,Double deflated
BEL,2017,trd,54457,744,0.75,0.94,0.61,0.89,Double deflated
BGD,2017,agr,2650253,25603,56.93,49.51,66.05,80.44,Double deflated
BGD,2017,bus,926258,800,33.38,32.53,33.73,80.44,Double deflated
BGD,2017,con,1461073,3556,15.66,46.33,3.75,80.44,Double deflated
BGD,2017,dwe,750793,106,13.66,27.29,11.12,80.44,Double deflated
BGD,2017,fin,732046,436,34.45,31.01,36.45,80.44,Double deflated
BGD,2017,man,3418287,9083,60.3,54.39,66.84,80.44,Double deflated
BGD,2017,min,341270,104,122.75,50.96,205.45,80.44,Double deflated
BGD,2017,oth,2142127,3615,19.09,31.45,14.63,80.44,Double deflated
BGD,2017,pu,262435,116,36.97,46.15,30.37,80.44,Double deflated
BGD,2017,pub,1742829,3815,20.62,37.06,15.26,80.44,Double deflated
BGD,2017,tra,1639096,5380,22.43,39.56,13.92,80.44,Double deflated
BGD,2017,trd,2632763,10432,31.74,34.92,29.45,80.44,Double deflated
BGR,2017,agr,4152,665,1.32,1.27,1.39,1.74,Double deflated
BGR,2017,bus,10762,340,0.9,0.94,0.87,1.74,Double deflated
BGR,2017,con,3650,175,0.45,1.27,0.11,1.74,Double deflated
BGR,2017,dwe,8831,27,0.36,0.79,0.27,1.74,Double deflated
BGR,2017,fin,5816,65,0.98,0.89,1.03,1.74,Double deflated
BGR,2017,man,14396,615,1.63,1.51,1.8,1.74,Double deflated
BGR,2017,min,1983,23,2.13,1.41,2.99,1.74,Double deflated
BGR,2017,oth,2068,112,0.66,0.89,0.54,1.74,Double deflated
BGR,2017,pu,4605,70,1.36,1.34,1.42,1.74,Double deflated
BGR,2017,pub,12292,544,0.38,0.95,0.24,1.74,Double deflated
BGR,2017,tra,4880,204,1.0,1.12,0.88,1.74,Double deflated
BGR,2017,trd,14923,685,0.97,0.99,0.96,1.74,Double deflated
BOL,2017,agr,30038,1457,6.03,4.19,8.07,6.91,Double deflated
BOL,2017,bus,8001,258,2.78,2.58,2.95,6.91,Double deflated
BOL,2017,con,7677,534,1.95,4.29,0.77,6.91,Double deflated
BOL,2017,dwe,7593,6,1.14,2.58,0.9,6.91,Double deflated
BOL,2017,fin,13685,42,3.01,2.74,3.18,6.91,Double deflated
BOL,2017,man,27198,477,4.34,4.87,3.14,6.91,Double deflated
BOL,2017,min,27926,61,9.51,4.56,18.68,6.91,Double deflated
BOL,2017,oth,10655,548,2.09,2.7,1.74,6.91,Double deflated
BOL,2017,pu,5546,10,3.28,4.31,2.56,6.91,Double deflated
BOL,2017,pub,40099,459,2.53,2.98,2.27,6.91,Double deflated
BOL,2017,tra,21640,310,2.0,3.07,1.26,6.91,Double deflated
BOL,2017,trd,24647,1110,1.82,2.89,1.17,6.91,Double deflated
BRA,2017,agr,302971,9355,2.38,3.1,2.0,3.19,Double deflated
BRA,2017,bus,637388,7687,2.47,2.79,2.26,3.19,Double deflated
BRA,2017,con,244711,6700,1.07,3.14,0.28,3.19,Double deflated
BRA,2017,dwe,558042,377,1.45,3.22,1.15,3.19,Double deflated
BRA,2017,fin,429463,1129,7.05,3.75,10.13,3.19,Double deflated
BRA,2017,man,705533,9634,3.66,3.25,4.66,3.19,Double deflated
BRA,2017,min,90577,284,1.77,3.1,0.78,3.19,Double deflated
BRA,2017,oth,170705,14929,1.97,2.58,1.64,3.19,Double deflated
BRA,2017,pu,156110,802,3.36,3.14,3.8,3.19,Double deflated
BRA,2017,pub,1245411,14882,1.84,3.0,1.42,3.19,Double deflated
BRA,2017,tra,245531,4343,2.76,3.0,2.52,3.19,Double deflated
BRA,2017,trd,883324,20380,2.66,2.71,2.61,3.19,Double deflated
BWA,2017,agr,3584,314,15.54,,15.54,10.35,Single deflated
BWA,2017,bus,16040,70,6.2,,6.2,10.35,Single deflated
BWA,2017,con,11488,74,2.52,,2.52,10.35,Single deflated
BWA,2017,dwe,5532,2,2.68,,2.68,10.35,Single deflated
BWA,2017,fin,8012,12,7.1,,7.1,10.35,Single deflated
BWA,2017,man,9215,36,9.43,,10.02,10.35,Single deflated
BWA,2017,min,31262,22,19.24,,19.24,10.35,Single deflated
BWA,2017,oth,9899,54,3.28,,3.28,10.35,Single deflated
BWA,2017,pu,1770,4,6.63,,6.63,10.35,Single deflated
BWA,2017,pub,25840,217,2.93,,2.93,10.35,Single deflated
BWA,2017,tra,6088,23,4.1,,4.1,10.35,Single deflated
BWA,2017,trd,35059,142,9.53,,9.53,10.35,Single deflated
CAN,2017,agr,40458,396,1.18,1.35,1.03,1.3,Double deflated
CAN,2017,bus,244728,2546,1.39,1.4,1.39,1.3,Double deflated
CAN,2017,con,151266,1412,0.95,1.49,0.59,1.3,Double deflated
CAN,2017,dwe,244645,309,1.35,1.28,1.35,1.3,Double deflated
CAN,2017,fin,144104,1030,1.26,1.3,1.23,1.3,Double deflated
CAN,2017,man,214113,1683,1.54,1.42,1.76,1.3,Double deflated
CAN,2017,min,104850,222,1.18,1.4,1.05,1.3,Double deflated
CAN,2017,oth,41616,1022,1.26,1.29,1.28,1.3,Double deflated
CAN,2017,pu,50920,171,1.16,1.38,0.99,1.3,Double deflated
CAN,2017,pub,400428,4654,0.96,1.39,0.79,1.3,Double deflated
CAN,2017,tra,92585,893,2.13,1.52,3.18,1.3,Double deflated
CAN,2017,trd,261817,4349,1.19,1.39,1.06,1.3,Double deflated
CHE,2017,agr,4391,155,1.97,1.6,2.49,0.98,Double deflated
CHE,2017,bus,94225,898,1.41,1.39,1.44,0.98,Double deflated
CHE,2017,con,35323,344,0.95,1.46,0.62,0.98,Double deflated
CHE,2017,dwe,49089,62,1.47,1.27,1.55,0.98,Double deflated
CHE,2017,fin,60071,228,1.3,1.33,1.28,0.98,Double deflated
CHE,2017,man,122411,649,1.27,1.44,0.93,0.98,Double deflated
CHE,2017,min,833,5,1.52,1.46,1.43,0.98,Double deflated
CHE,2017,oth,15735,314,1.5,1.36,1.74,0.98,Double deflated
CHE,2017,pu,10116,47,1.65,1.54,2.09,0.98,Double deflated
CHE,2017,pub,125876,1213,1.21,1.41,1.1,0.98,Double deflated
CHE,2017,tra,27801,238,1.71,1.54,2.13,0.98,Double deflated
CHE,2017,trd,102752,855,1.27,1.38,1.19,0.98,Double deflated
CHL,2017,agr,7154579,475,748.47,661.37,859.38,648.83,Double deflated
CHL,2017,bus,22393780,829,542.12,534.85,546.71,648.83,Double deflated
CHL,2017,con,11574944,640,251.83,605.18,85.88,648.83,Double deflated
CHL,2017,dwe,14174081,42,460.55,429.15,453.91,648.83,Double deflated
CHL,2017,fin,8129782,129,352.72,430.86,292.8,648.83,Double deflated
CHL,2017,man,18687331,507,778.88,707.98,889.7,648.83,Double deflated
CHL,2017,min,17380765,136,947.1,662.36,1275.71,648.83,Double deflated
CHL,2017,oth,21089854,1643,394.77,507.24,332.21,648.83,Double deflated
CHL,2017,pu,5281547,62,685.91,639.99,742.63,648.83,Double deflated
CHL,2017,pub,8693942,1358,283.16,535.39,204.93,648.83,Double deflated
CHL,2017,tra,8717495,539,429.59,522.43,345.27,648.83,Double deflated
CHL,2017,trd,20956529,1568,468.24,534.98,419.87,648.83,Double deflated
CHN,2017,agr,6466000,209440,7.15,7.07,7.44,6.76,Double deflated
CHN,2017,bus,6448690,26871,4.77,5.21,4.44,6.76,Double deflated
CHN,2017,con,5531380,85754,2.47,7.92,0.46,6.76,Double deflated
CHN,2017,dwe,5396520,11230,2.58,4.02,2.19,6.76,Double deflated
CHN,2017,fin,6539500,9459,4.14,4.42,4.04,6.76,Double deflated
CHN,2017,man,24050540,161236,9.4,8.44,11.4,6.76,Double deflated
CHN,2017,min,2102550,6880,10.44,6.92,15.4,6.76,Double deflated
CHN,2017,oth,2135220,22872,3.23,4.85,2.49,6.76,Double deflated
CHN,2017,pu,1679720,6318,3.17,5.34,1.47,6.76,Double deflated
CHN,2017,pub,8773200,57381,3.48,5.51,2.73,6.76,Double deflated
CHN,2017,tra,3717260,36490,3.56,5.45,1.93,6.76,Double deflated
CHN,2017,trd,9234820,142468,4.42,5.1,3.94,6.76,Double deflated
CMR,2017,agr,3041576,4595,421.83,380.26,479.99,580.66,Double deflated
CMR,2017,bus,1384070,172,281.06,283.79,278.87,580.66,Double deflated
CMR,2017,con,1035047,170,172.32,363.26,67.99,580.66,Double deflated
CMR,2017,dwe,962919,8,114.53,242.06,90.0,580.66,Double deflated
CMR,2017,fin,570521,49,258.73,267.17,254.02,580.66,Double deflated
CMR,2017,man,2997550,808,516.85,417.18,715.7,580.66,Double deflated
CMR,2017,min,780427,28,558.67,388.63,756.23,580.66,Double deflated
CMR,2017,oth,468734,333,142.03,271.08,95.59,580.66,Double deflated
CMR,2017,pu,272862,25,296.98,358.51,248.91,580.66,Double deflated
CMR,2017,pub,2075744,572,131.7,311.38,83.47,580.66,Double deflated
CMR,2017,tra,1172134,408,194.65,316.47,130.37,580.66,Double deflated
CMR,2017,trd,3926326,1581,365.46,286.06,432.38,580.66,Double deflated
COL,2017,agr,58815000,4056,2424.01,2357.06,2605.78,2951.33,Double deflated
COL,2017,bus,89719000,2005,1763.04,1858.86,1700.2,2951.33,Double deflated
COL,2017,con,64474000,1394,1164.73,2438.16,492.61,2951.33,Double deflated
COL,2017,dwe,80976000,0,1045.38,1672.29,887.75,2951.33,Double deflated
COL,2017,fin,39060000,231,1942.35,1809.42,2047.04,2951.33,Double deflated
COL,2017,man,105000000,2230,2948.73,2558.22,3798.09,2951.33,Double deflated
COL,2017,min,47538000,151,2617.05,2268.75,2948.9,2951.33,Double deflated
COL,2017,oth,22226000,2914,1279.03,1728.34,1049.52,2951.33,Double deflated
COL,2017,pu,29789000,63,2417.23,2350.4,2564.92,2951.33,Double deflated
COL,2017,pub,135200000,913,753.62,1835.85,470.06,2951.33,Double deflated
COL,2017,tra,45355000,1887,1677.12,2015.6,1367.69,2951.33,Double deflated
COL,2017,trd,117700000,5434,1685.02,1868.15,1552.11,2951.33,Double deflated
CRI,2017,agr,1655290,344,519.96,558.1,501.53,567.51,Double deflated
CRI,2017,bus,5450549,268,416.48,435.42,404.15,567.51,Double deflated
CRI,2017,con,1412012,138,282.26,540.37,140.78,567.51,Double deflated
CRI,2017,dwe,2708191,13,250.24,420.33,208.44,567.51,Double deflated
CRI,2017,fin,1604288,46,621.12,483.59,732.76,567.51,Double deflated
CRI,2017,man,3875167,239,720.0,588.04,1019.46,567.51,Double deflated
CRI,2017,min,91878,1,936.95,574.36,1419.02,567.51,Double deflated
CRI,2017,oth,1057884,184,291.18,414.06,232.44,567.51,Double deflated
CRI,2017,pu,891553,36,509.0,555.95,466.26,567.51,Double deflated
CRI,2017,pub,6277290,322,235.68,462.42,168.82,567.51,Double deflated
CRI,2017,tra,1451573,111,341.06,453.95,251.24,567.51,Double deflated
CRI,2017,trd,4096279,492,399.8,454.72,361.39,567.51,Double deflated
CYP,2017,agr,376,15,1.14,0.95,1.39,0.89,Double deflated
CYP,2017,bus,3056,51,0.73,0.74,0.72,0.89,Double deflated
CYP,2017,con,922,30,0.34,0.83,0.11,0.89,Double deflated
CYP,2017,dwe,1600,2,0.39,0.6,0.34,0.89,Double deflated
CYP,2017,fin,1821,21,0.62,0.66,0.58,0.89,Double deflated
CYP,2017,man,993,32,1.12,0.97,1.35,0.89,Double deflated
CYP,2017,min,18,0,1.17,0.93,1.29,0.89,Double deflated
CYP,2017,oth,744,38,0.63,0.7,0.57,0.89,Double deflated
CYP,2017,pu,371,5,1.17,0.89,1.81,0.89,Double deflated
CYP,2017,pub,3330,81,0.59,0.77,0.49,0.89,Double deflated
CYP,2017,tra,1243,17,0.87,0.82,1.02,0.89,Double deflated
CYP,2017,trd,3267,115,0.63,0.74,0.55,0.89,Double deflated
CZE,2017,agr,105159,163,19.3,19.95,18.61,23.38,Double deflated
CZE,2017,bus,587119,623,15.7,16.32,15.24,23.38,Double deflated
CZE,2017,con,251353,397,8.27,20.82,2.6,23.38,Double deflated
CZE,2017,dwe,395036,95,9.58,13.96,8.36,23.38,Double deflated
CZE,2017,fin,188073,95,12.99,14.15,12.2,23.38,Double deflated
CZE,2017,man,1202728,1436,24.88,23.75,25.87,23.38,Double deflated
CZE,2017,min,32813,29,32.96,22.82,44.75,23.38,Double deflated
CZE,2017,oth,99583,195,12.6,15.78,10.96,23.38,Double deflated
CZE,2017,pu,184743,97,27.96,23.37,38.05,23.38,Double deflated
CZE,2017,pub,670028,974,7.89,17.28,5.34,23.38,Double deflated
CZE,2017,tra,266076,331,16.32,18.24,14.35,23.38,Double deflated
CZE,2017,trd,609909,911,12.49,16.09,10.04,23.38,Double deflated
DEU,2017,agr,26932,615,0.85,0.97,0.75,0.89,Double deflated
DEU,2017,bus,472305,7422,0.85,0.91,0.81,0.89,Double deflated
DEU,2017,con,138123,2479,0.65,1.06,0.39,0.89,Double deflated
DEU,2017,dwe,310932,473,0.71,0.94,0.63,0.89,Double deflated
DEU,2017,fin,117924,1130,0.72,0.8,0.65,0.89,Double deflated
DEU,2017,man,665690,7594,1.0,1.05,0.87,0.89,Double deflated
DEU,2017,min,4261,53,1.04,1.06,0.92,0.89,Double deflated
DEU,2017,oth,111500,3005,0.82,0.9,0.75,0.89,Double deflated
DEU,2017,pu,88749,528,1.76,1.19,3.1,0.89,Double deflated
DEU,2017,pub,532330,10919,0.64,0.94,0.52,0.89,Double deflated
DEU,2017,tra,128618,2261,1.33,1.09,1.82,0.89,Double deflated
DEU,2017,trd,339339,7783,0.61,0.94,0.43,0.89,Double deflated
DNK,2017,agr,31059,70,7.06,8.58,5.37,6.6,Double deflated
DNK,2017,bus,269684,421,8.45,8.79,8.21,6.6,Double deflated
DNK,2017,con,104942,182,4.84,9.51,2.29,6.6,Double deflated
DNK,2017,dwe,192463,46,7.9,7.03,8.28,6.6,Double deflated
DNK,2017,fin,110396,81,6.9,7.63,6.48,6.6,Double deflated
DNK,2017,man,279104,291,9.84,9.23,10.48,6.6,Double deflated
DNK,2017,min,21524,4,5.85,8.42,5.1,6.6,Double deflated
DNK,2017,oth,61943,158,9.06,8.5,9.36,6.6,Double deflated
DNK,2017,pu,39598,21,14.18,9.46,23.79,6.6,Double deflated
DNK,2017,pub,405022,889,6.25,9.2,5.07,6.6,Double deflated
DNK,2017,tra,102306,144,11.04,9.96,14.18,6.6,Double deflated
DNK,2017,trd,271599,614,7.0,8.76,5.83,6.6,Double deflated
ECU,2017,agr,9730,1810,0.98,0.85,1.14,1.0,Double deflated
ECU,2017,bus,8868,238,0.65,0.63,0.67,1.0,Double deflated
ECU,2017,con,12087,583,0.29,0.72,0.09,1.0,Double deflated
ECU,2017,dwe,4864,0,0.32,0.49,0.28,1.0,Double deflated
ECU,2017,fin,3536,317,0.58,0.57,0.58,1.0,Double deflated
ECU,2017,man,14983,885,1.13,0.88,1.75,1.0,Double deflated
ECU,2017,min,5024,33,0.75,0.69,0.78,1.0,Double deflated
ECU,2017,oth,2114,458,0.46,0.59,0.39,1.0,Double deflated
ECU,2017,pu,1826,60,0.4,0.58,0.26,1.0,Double deflated
ECU,2017,pub,16342,948,0.4,0.65,0.3,1.0,Double deflated
ECU,2017,tra,5523,601,0.47,0.65,0.33,1.0,Double deflated
ECU,2017,trd,12185,2049,0.52,0.62,0.46,1.0,Double deflated
EGY,2017,agr,398539,5641,10.71,,10.71,17.78,Single deflated
EGY,2017,bus,175826,871,4.07,,4.07,17.78,Single deflated
EGY,2017,con,195098,3256,2.68,,2.68,17.78,Single deflated
EGY,2017,dwe,255352,33,0.99,,0.99,17.78,Single deflated
EGY,2017,fin,140120,181,5.16,,5.16,17.78,Single deflated
EGY,2017,man,570590,3202,7.79,,8.05,17.78,Single deflated
EGY,2017,min,326940,34,11.6,,11.6,17.78,Single deflated
EGY,2017,oth,29916,1178,2.67,,2.67,17.78,Single deflated
EGY,2017,pu,78524,448,1.04,,1.04,17.78,Single deflated
EGY,2017,pub,541624,4978,1.87,,1.87,17.78,Single deflated
EGY,2017,tra,159173,2086,2.54,,2.54,17.78,Single deflated
EGY,2017,trd,537801,4067,8.27,,8.27,17.78,Single deflated
ESP,2017,agr,32553,802,0.69,0.83,0.62,0.89,Double deflated
ESP,2017,bus,131125,2875,0.76,0.78,0.75,0.89,Double deflated
ESP,2017,con,63187,1139,0.36,0.83,0.13,0.89,Double deflated
ESP,2017,dwe,121624,201,0.6,0.64,0.55,0.89,Double deflated
ESP,2017,fin,40082,358,0.6,0.68,0.55,0.89,Double deflated
ESP,2017,man,132720,1961,0.97,0.92,1.01,0.89,Double deflated
ESP,2017,min,2049,20,1.21,0.96,1.45,0.89,Double deflated
ESP,2017,oth,51780,1712,0.69,0.77,0.62,0.89,Double deflated
ESP,2017,pu,36233,227,1.36,1.0,2.13,0.89,Double deflated
ESP,2017,pub,189490,4279,0.52,0.8,0.41,0.89,Double deflated
ESP,2017,tra,48898,884,0.91,0.87,1.0,0.89,Double deflated
ESP,2017,trd,203450,4931,0.71,0.78,0.65,0.89,Double deflated
EST,2017,agr,564,23,0.8,0.79,0.81,0.89,Double deflated
EST,2017,bus,3067,80,0.66,0.69,0.65,0.89,Double deflated
EST,2017,con,1389,47,0.37,0.81,0.15,0.89,Double deflated
EST,2017,dwe,2177,11,0.4,0.56,0.35,0.89,Double deflated
EST,2017,fin,821,12,0.53,0.59,0.49,0.89,Double deflated
EST,2017,man,3213,121,1.01,0.9,1.22,0.89,Double deflated
EST,2017,min,249,4,0.81,0.82,0.79,0.89,Double deflated
EST,2017,oth,509,33,0.61,0.66,0.6,0.89,Double deflated
EST,2017,pu,857,10,0.86,0.77,1.02,0.89,Double deflated
EST,2017,pub,3264,138,0.35,0.69,0.25,0.89,Double deflated
EST,2017,tra,1576,48,0.74,0.74,0.78,0.89,Double deflated
EST,2017,trd,2932,112,0.56,0.67,0.49,0.89,Double deflated
ETH,2017,agr,619102,33601,22.02,15.71,29.08,23.87,Double deflated
ETH,2017,bus,30909,408,10.0,9.04,10.2,23.87,Double deflated
ETH,2017,con,300209,1339,5.79,15.01,1.72,23.87,Double deflated
ETH,2017,dwe,61381,7,4.02,8.79,3.14,23.87,Double deflated
ETH,2017,fin,51810,167,10.36,8.43,11.22,23.87,Double deflated
ETH,2017,man,113387,4648,17.28,16.56,18.17,23.87,Double deflated
ETH,2017,min,4840,230,33.1,12.29,68.51,23.87,Double deflated
ETH,2017,oth,40446,4765,4.32,8.05,3.01,23.87,Double deflated
ETH,2017,pu,13714,311,6.75,12.48,2.64,23.87,Double deflated
ETH,2017,pub,160710,1547,5.04,9.57,3.62,23.87,Double deflated
ETH,2017,tra,56162,420,3.93,9.79,0.87,23.87,Double deflated
ETH,2017,trd,269998,3319,12.27,10.18,13.13,23.87,Double deflated
FIN,2017,agr,5241,91,0.98,1.05,0.96,0.89,Double deflated
FIN,2017,bus,28164,429,1.01,1.01,1.01,0.89,Double deflated
FIN,2017,con,13997,207,0.72,1.18,0.44,0.89,Double deflated
FIN,2017,dwe,24748,26,0.96,0.91,0.96,0.89,Double deflated
FIN,2017,fin,6474,45,0.75,0.88,0.66,0.89,Double deflated
FIN,2017,man,34234,337,1.18,1.16,1.15,0.89,Double deflated
FIN,2017,min,940,8,1.1,1.12,0.96,0.89,Double deflated
FIN,2017,oth,6061,138,0.97,0.98,1.0,0.89,Double deflated
FIN,2017,pu,5851,26,1.25,1.12,1.46,0.89,Double deflated
FIN,2017,pub,39182,738,0.74,1.08,0.61,0.89,Double deflated
FIN,2017,tra,9181,145,1.38,1.16,1.83,0.89,Double deflated
FIN,2017,trd,21266,374,0.7,1.01,0.51,0.89,Double deflated
FRA,2017,agr,35433,752,0.95,0.94,0.97,0.89,Double deflated
FRA,2017,bus,386979,5151,0.91,0.91,0.91,0.89,Double deflated
FRA,2017,con,113137,1718,0.58,1.01,0.33,0.89,Double deflated
FRA,2017,dwe,264349,376,0.78,0.76,0.75,0.89,Double deflated
FRA,2017,fin,79388,781,0.57,0.73,0.44,0.89,Double deflated
FRA,2017,man,232855,2569,1.02,1.01,0.95,0.89,Double deflated
FRA,2017,min,1867,15,1.04,0.99,0.99,0.89,Double deflated
FRA,2017,oth,60722,1506,0.81,0.85,0.79,0.89,Double deflated
FRA,2017,pu,48212,291,1.27,1.08,1.76,0.89,Double deflated
FRA,2017,pub,460019,8362,0.65,0.91,0.52,0.89,Double deflated
FRA,2017,tra,94738,1387,1.16,1.0,1.42,0.89,Double deflated
FRA,2017,trd,268432,4972,0.84,0.89,0.8,0.89,Double deflated
GBR,2017,agr,12444,416,0.81,0.8,0.82,0.78,Double deflated
GBR,2017,bus,354108,6693,0.83,0.82,0.83,0.78,Double deflated
GBR,2017,con,119346,2310,0.43,0.81,0.21,0.78,Double deflated
GBR,2017,dwe,247792,516,1.04,0.72,1.14,0.78,Double deflated
GBR,2017,fin,160526,1039,0.75,0.78,0.71,0.78,Double deflated
GBR,2017,man,187644,2532,0.76,0.79,0.69,0.78,Double deflated
GBR,2017,min,16625,59,0.68,0.76,0.61,0.78,Double deflated
GBR,2017,oth,65767,1810,0.72,0.77,0.68,0.78,Double deflated
GBR,2017,pu,50299,319,1.04,0.9,1.41,0.78,Double deflated
GBR,2017,pub,337269,7929,0.59,0.79,0.51,0.78,Double deflated
GBR,2017,tra,72554,1529,1.1,0.88,1.47,0.78,Double deflated
GBR,2017,trd,248047,6907,0.64,0.8,0.54,0.78,Double deflated
GHA,2017,agr,50554,4311,1.72,2.17,1.51,4.35,Double deflated
GHA,2017,bus,8719,212,2.02,2.06,2.0,4.35,Double deflated
GHA,2017,con,19433,406,1.29,2.71,0.53,4.35,Double deflated
GHA,2017,dwe,5563,15,1.0,1.81,0.79,4.35,Double deflated
GHA,2017,fin,12018,68,1.82,1.91,1.79,4.35,Double deflated
GHA,2017,man,26860,2039,3.18,2.68,3.88,4.35,Double deflated
GHA,2017,min,25917,66,4.66,2.94,6.65,4.35,Double deflated
GHA,2017,oth,2826,368,0.86,1.82,0.54,4.35,Double deflated
GHA,2017,pu,5805,46,3.32,2.78,4.16,4.35,Double deflated
GHA,2017,pub,41651,1637,0.93,2.16,0.63,4.35,Double deflated
GHA,2017,tra,17109,295,1.63,2.2,1.12,4.35,Double deflated
GHA,2017,trd,59746,3336,3.55,2.09,6.59,4.35,Double deflated
GRC,2017,agr,6822,503,1.01,0.94,1.1,0.89,Double deflated
GRC,2017,bus,12513,478,0.73,0.74,0.73,0.89,Double deflated
GRC,2017,con,2253,191,0.3,0.9,0.07,0.89,Double deflated
GRC,2017,dwe,26255,18,0.39,0.6,0.33,0.89,Double deflated
GRC,2017,fin,8807,81,0.75,0.71,0.77,0.89,Double deflated
GRC,2017,man,14394,333,1.05,1.04,1.04,0.89,Double deflated
GRC,2017,min,786,10,1.5,1.0,2.08,0.89,Double deflated
GRC,2017,oth,4978,220,0.57,0.71,0.49,0.89,Double deflated
GRC,2017,pu,6945,59,1.06,0.98,1.17,0.89,Double deflated
GRC,2017,pub,30973,992,0.44,0.77,0.33,0.89,Double deflated
GRC,2017,tra,11003,240,0.86,0.85,0.91,0.89,Double deflated
GRC,2017,trd,28862,1321,0.78,0.75,0.81,0.89,Double deflated
HKG,2017,agr,1627,7,17.27,10.68,28.72,7.79,Double deflated
HKG,2017,bus,234734,330,6.76,7.0,6.6,7.79,Double deflated
HKG,2017,con,129714,342,4.29,8.64,1.96,7.79,Double deflated
HKG,2017,dwe,391145,286,4.74,6.03,4.29,7.79,Double deflated
HKG,2017,fin,480488,493,6.69,6.6,6.76,7.79,Double deflated
HKG,2017,man,27299,111,10.47,9.94,10.53,7.79,Double deflated
HKG,2017,min,109,0,12.92,8.86,17.86,7.79,Double deflated
HKG,2017,oth,204185,21,4.4,6.4,3.39,7.79,Double deflated
HKG,2017,pu,34978,11,5.56,7.92,3.57,7.79,Double deflated
HKG,2017,pub,261307,1029,6.11,7.38,5.21,7.79,Double deflated
HKG,2017,tra,153359,123,6.62,7.68,5.47,7.79,Double deflated
HKG,2017,trd,632143,1088,8.18,7.35,9.01,7.79,Double deflated
HRV,2017,agr,1430,113,0.78,0.73,0.84,0.88,Double deflated
HRV,2017,bus,5242,159,0.6,0.62,0.59,0.88,Double deflated
HRV,2017,con,1856,107,0.25,0.69,0.07,0.88,Double deflated
HRV,2017,dwe,3817,8,0.25,0.5,0.2,0.88,Double deflated
HRV,2017,fin,2543,45,0.63,0.59,0.66,0.88,Double deflated
HRV,2017,man,6307,273,0.87,0.83,0.91,0.88,Double deflated
HRV,2017,min,169,7,1.1,0.8,1.43,0.88,Double deflated
HRV,2017,oth,1520,69,0.45,0.58,0.38,0.88,Double deflated
HRV,2017,pu,1671,38,0.89,0.77,1.13,0.88,Double deflated
HRV,2017,pub,7068,335,0.3,0.64,0.2,0.88,Double deflated
HRV,2017,tra,1990,110,0.87,0.73,1.1,0.88,Double deflated
HRV,2017,trd,7430,340,0.63,0.61,0.64,0.88,Double deflated
HUN,2017,agr,1475008,194,220.52,220.89,223.93,274.43,Double deflated
HUN,2017,bus,4879477,634,169.26,175.26,165.14,274.43,Double deflated
HUN,2017,con,1413867,307,84.37,227.13,23.97,274.43,Double deflated
HUN,2017,dwe,2625642,71,79.79,136.47,65.62,274.43,Double deflated
HUN,2017,fin,1200895,89,118.84,141.36,105.41,274.43,Double deflated
HUN,2017,man,7589489,866,284.14,264.78,308.71,274.43,Double deflated
HUN,2017,min,63698,6,388.49,249.89,561.22,274.43,Double deflated
HUN,2017,oth,981777,196,124.49,164.33,103.77,274.43,Double deflated
HUN,2017,pu,875518,80,232.94,236.65,236.36,274.43,Double deflated
HUN,2017,pub,5743375,1015,85.81,182.74,58.72,274.43,Double deflated
HUN,2017,tra,2049280,276,237.14,217.08,265.44,274.43,Double deflated
HUN,2017,trd,3966415,826,125.94,176.25,93.1,274.43,Double deflated
IDN,2017,agr,1787000000,37804,13670.62,9744.15,17446.06,13380.83,Double deflated
IDN,2017,bus,751900000,2389,5850.88,6130.4,5671.96,13380.83,Double deflated
IDN,2017,con,1411000000,7650,2211.7,8865.68,354.56,13380.83,Double deflated
IDN,2017,dwe,382500000,319,1677.64,4530.57,1251.93,13380.83,Double deflated
IDN,2017,fin,571200000,1758,7048.33,5951.25,7524.28,13380.83,Double deflated
IDN,2017,man,2740000000,17321,11292.5,10936.29,11075.73,13380.83,Double deflated
IDN,2017,min,1030000000,1372,20203.1,9537.18,37133.86,13380.83,Double deflated
IDN,2017,oth,239300000,5819,3842.88,5528.36,3064.71,13380.83,Double deflated
IDN,2017,pu,171800000,690,5103.23,7347.11,2922.91,13380.83,Double deflated
IDN,2017,pub,1089000000,12800,3030.82,6441.6,2067.43,13380.83,Double deflated
IDN,2017,tra,735200000,5000,5750.45,6992.33,4730.42,13380.83,Double deflated
IDN,2017,trd,2156000000,29857,6715.65,6633.08,6687.71,13380.83,Double deflated
IND,2017,agr,26701470,194404,54.41,39.07,69.55,65.12,Double deflated
IND,2017,bus,15454438,13086,23.08,23.64,22.7,65.12,Double deflated
IND,2017,con,12136280,75228,11.05,35.91,2.34,65.12,Double deflated
IND,2017,dwe,10849426,0,10.41,19.34,8.52,65.12,Double deflated
IND,2017,fin,8419770,5464,21.28,21.57,21.19,65.12,Double deflated
IND,2017,man,25420881,57185,42.35,43.18,37.54,65.12,Double deflated
IND,2017,min,3510580,2439,84.14,34.47,174.64,65.12,Double deflated
IND,2017,oth,3756016,26031,16.39,21.73,13.6,65.12,Double deflated
IND,2017,pu,4230890,1238,26.82,32.57,21.58,65.12,Double deflated
IND,2017,pub,18536370,31926,17.95,25.42,14.69,65.12,Double deflated
IND,2017,tra,7473820,21081,18.23,25.53,12.3,65.12,Double deflated
IND,2017,trd,18337200,60071,23.31,25.68,21.61,65.12,Double deflated
IRL,2017,agr,3482,111,1.08,,1.08,0.89,Single deflated
IRL,2017,bus,61504,314,1.05,,1.05,0.89,Single deflated
IRL,2017,con,7349,138,0.48,,0.48,0.89,Single deflated
IRL,2017,dwe,16864,15,1.07,,1.07,0.89,Single deflated
IRL,2017,fin,18210,86,0.98,,0.98,0.89,Single deflated
IRL,2017,man,97423,226,1.06,,1.07,0.89,Single deflated
IRL,2017,min,626,6,1.25,,1.25,0.89,Single deflated
IRL,2017,oth,4012,90,0.89,,0.89,0.89,Single deflated
IRL,2017,pu,4017,17,1.43,,1.43,0.89,Single deflated
IRL,2017,pub,31152,532,0.77,,0.77,0.89,Single deflated
IRL,2017,tra,6855,91,1.24,,1.24,0.89,Single deflated
IRL,2017,trd,28393,520,1.0,,1.0,0.89,Single deflated
ISL,2017,agr,99925,7,222.45,,222.45,106.84,Single deflated
ISL,2017,bus,302223,27,157.68,,157.68,106.84,Single deflated
ISL,2017,con,174041,14,106.46,,106.46,106.84,Single deflated
ISL,2017,dwe,276442,1,135.34,,135.34,106.84,Single deflated
ISL,2017,fin,148031,6,146.27,,146.27,106.84,Single deflated
ISL,2017,man,234975,22,169.8,,171.74,106.84,Single deflated
ISL,2017,min,2778,0,164.43,,164.43,106.84,Single deflated
ISL,2017,oth,66597,9,156.69,,156.69,106.84,Single deflated
ISL,2017,pu,103791,3,144.91,,144.91,106.84,Single deflated
ISL,2017,pub,469096,53,116.78,,116.78,106.84,Single deflated
ISL,2017,tra,158652,14,201.04,,201.04,106.84,Single deflated
ISL,2017,trd,312221,41,157.17,,157.17,106.84,Single deflated
ISR,2017,agr,15337,75,5.98,,5.98,3.6,Single deflated
ISR,2017,bus,222047,676,4.52,,4.52,3.6,Single deflated
ISR,2017,con,70199,306,2.79,,2.79,3.6,Single deflated
ISR,2017,dwe,177527,30,4.99,,4.99,3.6,Single deflated
ISR,2017,fin,57506,131,4.26,,4.26,3.6,Single deflated
ISR,2017,man,146384,392,4.61,,4.56,3.6,Single deflated
ISR,2017,min,11539,4,5.93,,5.93,3.6,Single deflated
ISR,2017,oth,35659,362,3.63,,3.63,3.6,Single deflated
ISR,2017,pu,21262,31,3.96,,3.96,3.6,Single deflated
ISR,2017,pub,215366,1323,3.11,,3.11,3.6,Single deflated
ISR,2017,tra,41248,170,3.14,,3.14,3.6,Single deflated
ISR,2017,trd,133399,680,4.94,,4.94,3.6,Single deflated
ITA,2017,agr,34258,922,0.98,0.99,1.01,0.89,Double deflated
ITA,2017,bus,210531,3675,0.83,0.85,0.82,0.89,Double deflated
ITA,2017,con,66085,1536,0.38,0.94,0.12,0.89,Double deflated
ITA,2017,dwe,209695,181,0.6,0.69,0.55,0.89,Double deflated
ITA,2017,fin,78132,648,0.68,0.74,0.64,0.89,Double deflated
ITA,2017,man,258993,3891,1.07,1.04,1.09,0.89,Double deflated
ITA,2017,min,4153,23,0.8,0.99,0.62,0.89,Double deflated
ITA,2017,oth,63719,2660,0.75,0.84,0.7,0.89,Double deflated
ITA,2017,pu,40670,302,1.24,1.01,1.83,0.89,Double deflated
ITA,2017,pub,258127,4750,0.67,0.9,0.56,0.89,Double deflated
ITA,2017,tra,87121,1185,0.86,0.91,0.82,0.89,Double deflated
ITA,2017,trd,246312,5366,0.66,0.82,0.55,0.89,Double deflated
JPN,2017,agr,6538178,2632,314.76,175.08,563.51,112.17,Double deflated
JPN,2017,bus,70937467,8673,127.43,128.19,127.02,112.17,Double deflated
JPN,2017,con,30164884,4839,109.33,140.34,87.0,112.17,Double deflated
JPN,2017,dwe,61586980,1094,94.37,102.67,88.28,112.17,Double deflated
JPN,2017,fin,22862670,1864,78.34,110.21,63.9,112.17,Double deflated
JPN,2017,man,110000000,9670,131.83,150.96,96.5,112.17,Double deflated
JPN,2017,min,296307,43,206.06,154.54,259.09,112.17,Double deflated
JPN,2017,oth,20435422,4015,123.57,115.73,130.23,112.17,Double deflated
JPN,2017,pu,14442737,422,174.93,151.09,211.56,112.17,Double deflated
JPN,2017,pub,84256552,14541,78.51,125.55,61.17,112.17,Double deflated
JPN,2017,tra,26008296,3111,208.38,147.39,277.88,112.17,Double deflated
JPN,2017,trd,92301541,14580,130.8,128.7,131.56,112.17,Double deflated
KEN,2017,agr,2836582,8228,121.55,80.55,160.66,103.41,Double deflated
KEN,2017,bus,246418,510,50.58,53.27,48.7,103.41,Double deflated
KEN,2017,con,453476,653,22.61,73.55,4.58,103.41,Double deflated
KEN,2017,dwe,575139,6,36.46,46.45,32.53,103.41,Double deflated
KEN,2017,fin,500481,104,60.31,53.05,64.67,103.41,Double deflated
KEN,2017,man,655332,2532,86.44,85.95,77.61,103.41,Double deflated
KEN,2017,min,61327,149,154.13,77.02,281.67,103.41,Double deflated
KEN,2017,oth,92073,1497,23.76,49.12,15.17,103.41,Double deflated
KEN,2017,pu,201714,51,89.92,68.44,117.65,103.41,Double deflated
KEN,2017,pub,741597,1249,25.72,54.23,17.33,103.41,Double deflated
KEN,2017,tra,607503,285,51.93,55.31,48.51,103.41,Double deflated
KEN,2017,trd,655931,3293,44.62,57.82,35.91,103.41,Double deflated
KHM,2017,agr,20950714,4297,5315.49,3430.83,7170.28,4050.58,Double deflated
KHM,2017,bus,6623409,221,1749.75,1866.44,1664.99,4050.58,Double deflated
KHM,2017,con,11150744,497,734.79,2567.55,160.35,4050.58,Double deflated
KHM,2017,dwe,55677,0,790.81,1576.57,594.67,4050.58,Double deflated
KHM,2017,fin,1738450,244,1648.31,1608.81,1673.34,4050.58,Double deflated
KHM,2017,man,14518034,906,3484.54,3151.69,3674.19,4050.58,Double deflated
KHM,2017,min,1492254,5,3795.7,2325.07,5532.54,4050.58,Double deflated
KHM,2017,oth,2743448,126,1034.52,1662.74,776.02,4050.58,Double deflated
KHM,2017,pu,504517,22,3084.75,2740.75,4745.74,4050.58,Double deflated
KHM,2017,pub,5040963,492,833.23,1823.48,559.84,4050.58,Double deflated
KHM,2017,tra,6820553,313,1618.74,1946.32,1336.8,4050.58,Double deflated
KHM,2017,trd,12600402,1123,1030.93,1960.71,604.3,4050.58,Double deflated
KOR,2017,agr,33974300,1319,2666.48,1786.15,3844.49,1130.43,Double deflated
KOR,2017,bus,231200000,3250,1125.72,1115.29,1138.08,1130.43,Double deflated
KOR,2017,con,101200000,1989,536.55,1510.48,142.87,1130.43,Double deflated
KOR,2017,dwe,133200000,540,580.87,879.74,498.02,1130.43,Double deflated
KOR,2017,fin,96983700,794,869.6,966.33,809.53,1130.43,Double deflated
KOR,2017,man,494600000,4571,1642.61,1722.94,1414.31,1130.43,Double deflated
KOR,2017,min,2348800,23,2245.6,1441.0,3266.19,1130.43,Double deflated
KOR,2017,oth,42174600,1728,844.66,1067.34,730.58,1130.43,Double deflated
KOR,2017,pu,40014200,187,1045.71,1353.87,750.48,1130.43,Double deflated
KOR,2017,pub,269900000,4889,660.86,1173.28,492.02,1130.43,Double deflated
KOR,2017,tra,58283700,1405,961.02,1201.32,723.85,1130.43,Double deflated
KOR,2017,trd,175100000,6093,1005.4,1192.29,864.2,1130.43,Double deflated
LAO,2017,agr,22801000,2582,10616.53,6710.51,14068.25,8244.84,Double deflated
LAO,2017,bus,4037000,21,3778.4,3984.3,3650.89,8244.84,Double deflated
LAO,2017,con,8536000,108,1432.84,5210.18,236.34,8244.84,Double deflated
LAO,2017,dwe,7913000,0,1576.49,3102.33,1283.75,8244.84,Double deflated
LAO,2017,fin,4065000,13,10929.54,6200.96,16482.69,8244.84,Double deflated
LAO,2017,man,10533000,120,5700.63,6278.29,4412.2,8244.84,Double deflated
LAO,2017,min,9235000,11,8303.24,5203.89,12073.4,8244.84,Double deflated
LAO,2017,oth,2425000,5,2098.74,3454.5,1564.1,8244.84,Double deflated
LAO,2017,pu,15205000,5,2298.33,4287.93,1489.65,8244.84,Double deflated
LAO,2017,pub,18320000,334,1158.83,3858.61,632.45,8244.84,Double deflated
LAO,2017,tra,1897000,30,5153.81,4877.38,5612.81,8244.84,Double deflated
LAO,2017,trd,19793000,220,3509.56,4335.82,2991.74,8244.84,Double deflated
LKA,2017,agr,1044218,2147,146.0,96.61,197.04,152.45,Double deflated
LKA,2017,bus,314912,304,66.42,67.77,65.63,152.45,Double deflated
LKA,2017,con,1040876,639,30.33,100.34,6.67,152.45,Double deflated
LKA,2017,dwe,770244,16,26.41,55.1,20.73,152.45,Double deflated
LKA,2017,fin,675010,160,62.44,59.68,63.96,152.45,Double deflated
LKA,2017,man,2141366,1549,116.17,112.55,103.22,152.45,Double deflated
LKA,2017,min,350794,63,230.37,80.77,430.0,152.45,Double deflated
LKA,2017,oth,1291805,302,41.67,58.51,33.18,152.45,Double deflated
LKA,2017,pu,128909,48,37.03,74.34,16.49,152.45,Double deflated
LKA,2017,pub,1288891,1054,16.19,56.77,10.12,152.45,Double deflated
LKA,2017,tra,1521313,522,47.77,68.48,33.01,152.45,Double deflated
LKA,2017,trd,1611548,1405,78.79,69.63,82.25,152.45,Double deflated
LTU,2017,agr,1483,105,0.72,,0.72,0.89,Single deflated
LTU,2017,bus,4026,139,0.55,,0.55,0.89,Single deflated
LTU,2017,con,2541,100,0.32,,0.32,0.89,Single deflated
LTU,2017,dwe,2534,15,0.24,,0.24,0.89,Single deflated
LTU,2017,fin,775,20,0.46,,0.46,0.89,Single deflated
LTU,2017,man,7174,209,0.79,,0.8,0.89,Single deflated
LTU,2017,min,114,3,1.03,,1.03,0.89,Single deflated
LTU,2017,oth,866,61,0.47,,0.47,0.89,Single deflated
LTU,2017,pu,1113,30,0.77,,0.77,0.89,Single deflated
LTU,2017,pub,5347,311,0.27,,0.27,0.89,Single deflated
LTU,2017,tra,4560,106,0.67,,0.67,0.89,Single deflated
LTU,2017,trd,7444,262,0.75,,0.75,0.89,Single deflated
LUX,2017,agr,139,4,1.14,,1.14,0.89,Single deflated
LUX,2017,bus,9577,91,0.98,,0.98,0.89,Single deflated
LUX,2017,con,2851,44,0.53,,0.53,0.89,Single deflated
LUX,2017,dwe,3880,4,1.18,,1.18,0.89,Single deflated
LUX,2017,fin,14077,47,0.75,,0.75,0.89,Single deflated
LUX,2017,man,2845,32,1.22,,1.21,0.89,Single deflated
LUX,2017,min,34,0,1.5,,1.5,0.89,Single deflated
LUX,2017,oth,907,18,0.92,,0.92,0.89,Single deflated
LUX,2017,pu,658,4,1.18,,1.18,0.89,Single deflated
LUX,2017,pub,8140,89,0.95,,0.95,0.89,Single deflated
LUX,2017,tra,2357,26,0.85,,0.85,0.89,Single deflated
LUX,2017,trd,6135,72,0.5,,0.5,0.89,Single deflated
LVA,2017,agr,930,65,0.79,0.77,0.8,0.89,Double deflated
LVA,2017,bus,3028,112,0.63,0.65,0.62,0.89,Double deflated
LVA,2017,con,1378,64,0.31,0.77,0.1,0.89,Double deflated
LVA,2017,dwe,2911,22,0.36,0.54,0.31,0.89,Double deflated
LVA,2017,fin,908,16,0.53,0.57,0.5,0.89,Double deflated
LVA,2017,man,2823,119,1.03,0.88,1.29,0.89,Double deflated
LVA,2017,min,118,2,0.95,0.8,1.06,0.89,Double deflated
LVA,2017,oth,737,41,0.55,0.62,0.51,0.89,Double deflated
LVA,2017,pu,816,19,0.91,0.81,1.15,0.89,Double deflated
LVA,2017,pub,3827,184,0.29,0.65,0.2,0.89,Double deflated
LVA,2017,tra,2086,69,0.68,0.7,0.68,0.89,Double deflated
LVA,2017,trd,3825,173,0.6,0.64,0.56,0.89,Double deflated
MAR,2017,agr,131419,3808,8.05,7.62,8.84,9.69,Double deflated
MAR,2017,bus,59948,320,4.72,4.91,4.61,9.69,Double deflated
MAR,2017,con,59695,1259,1.91,6.41,0.4,9.69,Double deflated
MAR,2017,dwe,76105,32,1.36,2.69,1.1,9.69,Double deflated
MAR,2017,fin,48472,124,4.54,4.34,4.67,9.69,Double deflated
MAR,2017,man,166888,1250,8.94,8.26,10.09,9.69,Double deflated
MAR,2017,min,24483,49,17.54,7.43,31.64,9.69,Double deflated
MAR,2017,oth,14321,508,3.36,4.6,2.74,9.69,Double deflated
MAR,2017,pu,27021,63,5.22,7.64,3.7,9.69,Double deflated
MAR,2017,pub,180911,1128,3.2,5.01,2.49,9.69,Double deflated
MAR,2017,tra,40898,494,5.04,5.89,4.26,9.69,Double deflated
MAR,2017,trd,110670,2158,2.74,5.38,1.75,9.69,Double deflated
MEX,2017,agr,741610,6811,13.46,13.55,14.15,18.93,Double deflated
MEX,2017,bus,1684629,3250,11.11,12.37,10.43,18.93,Double deflated
MEX,2017,con,1629241,4278,6.8,15.75,2.4,18.93,Double deflated
MEX,2017,dwe,2111464,303,8.95,10.76,8.0,18.93,Double deflated
MEX,2017,fin,845158,511,12.46,11.45,13.1,18.93,Double deflated
MEX,2017,man,3825593,8691,17.05,16.0,18.34,18.93,Double deflated
MEX,2017,min,898830,201,19.46,15.18,24.53,18.93,Double deflated
MEX,2017,oth,508710,5767,7.47,11.18,5.87,18.93,Double deflated
MEX,2017,pu,434136,206,9.4,13.71,6.85,18.93,Double deflated
MEX,2017,pub,2111091,6468,4.95,12.0,3.22,18.93,Double deflated
MEX,2017,tra,1329229,2267,12.45,13.01,11.77,18.93,Double deflated
MEX,2017,trd,4602375,13586,12.63,11.89,12.63,18.93,Double deflated
MKD,2017,agr,48665,178,45.52,39.91,52.64,54.67,Double deflated
MKD,2017,bus,43028,58,25.78,27.64,24.44,54.67,Double deflated
MKD,2017,con,40076,66,11.73,39.38,2.34,54.67,Double deflated
MKD,2017,dwe,59433,3,13.01,22.05,10.92,54.67,Double deflated
MKD,2017,fin,19313,10,27.42,26.57,28.02,54.67,Double deflated
MKD,2017,man,77897,136,46.94,46.63,41.78,54.67,Double deflated
MKD,2017,min,9627,4,130.72,48.7,282.43,54.67,Double deflated
MKD,2017,oth,17463,24,15.57,24.74,10.8,54.67,Double deflated
MKD,2017,pu,22347,20,31.92,40.34,24.67,54.67,Double deflated
MKD,2017,pub,74933,123,8.85,28.88,5.02,54.67,Double deflated
MKD,2017,tra,24296,35,29.17,32.41,25.82,54.67,Double deflated
MKD,2017,trd,98649,155,24.93,28.46,22.5,54.67,Double deflated
MMR,2017,agr,21106493,11106,818.97,,818.97,1360.36,Single deflated
MMR,2017,bus,3367300,416,458.83,,458.83,1360.36,Single deflated
MMR,2017,con,5720864,931,185.44,,185.44,1360.36,Single deflated
MMR,2017,dwe,1136585,38,139.73,,139.73,1360.36,Single deflated
MMR,2017,fin,297897,93,820.45,,820.45,1360.36,Single deflated
MMR,2017,man,21575921,2297,654.15,,637.38,1360.36,Single deflated
MMR,2017,min,4324810,208,1520.21,,1520.21,1360.36,Single deflated
MMR,2017,oth,430097,1087,222.77,,222.77,1360.36,Single deflated
MMR,2017,pu,1207150,61,231.78,,231.78,1360.36,Single deflated
MMR,2017,pub,2490350,897,214.89,,214.89,1360.36,Single deflated
MMR,2017,tra,10003830,1017,401.32,,401.32,1360.36,Single deflated
MMR,2017,trd,18789651,3791,776.82,,776.82,1360.36,Single deflated
MUS,2017,agr,14154,38,79.77,39.06,136.58,34.48,Double deflated
MUS,2017,bus,48758,58,19.61,18.6,20.23,34.48,Double deflated
MUS,2017,con,17377,50,10.2,30.06,2.47,34.48,Double deflated
MUS,2017,dwe,23907,3,4.18,16.45,2.84,34.48,Double deflated
MUS,2017,fin,48260,16,22.18,18.77,25.26,34.48,Double deflated
MUS,2017,man,53965,92,43.92,38.7,49.96,34.48,Double deflated
MUS,2017,min,960,1,50.61,30.69,80.04,34.48,Double deflated
MUS,2017,oth,20710,41,10.42,18.15,7.28,34.48,Double deflated
MUS,2017,pu,8328,6,16.19,25.17,8.0,34.48,Double deflated
MUS,2017,pub,62846,91,10.19,20.06,7.27,34.48,Double deflated
MUS,2017,tra,25879,39,24.26,25.85,22.79,34.48,Double deflated
MUS,2017,trd,77854,129,20.19,22.53,18.53,34.48,Double deflated
MWI,2017,agr,1306122,3464,694.93,,694.93,730.27,Single deflated
MWI,2017,bus,222198,79,298.93,,298.93,730.27,Single deflated
MWI,2017,con,130253,146,233.89,,233.89,730.27,Single deflated
MWI,2017,dwe,356505,20,113.62,,113.62,730.27,Single deflated
MWI,2017,fin,244531,19,259.91,,259.91,730.27,Single deflated
MWI,2017,man,423313,222,500.36,,530.11,730.27,Single deflated
MWI,2017,min,39919,15,1076.36,,1076.36,730.27,Single deflated
MWI,2017,oth,232999,146,89.96,,89.96,730.27,Single deflated
MWI,2017,pu,55291,21,464.2,,464.2,730.27,Single deflated
MWI,2017,pub,350663,233,178.8,,178.8,730.27,Single deflated
MWI,2017,tra,127388,82,336.74,,336.74,730.27,Single deflated
MWI,2017,trd,830116,909,501.33,,501.33,730.27,Single deflated
MYS,2017,agr,118854,1635,4.62,3.39,6.02,4.3,Double deflated
MYS,2017,bus,113308,1246,1.9,1.96,1.86,4.3,Double deflated
MYS,2017,con,65325,1259,0.85,3.11,0.13,4.3,Double deflated
MYS,2017,dwe,19994,85,0.8,1.39,0.65,4.3,Double deflated
MYS,2017,fin,83557,369,1.44,1.58,1.35,4.3,Double deflated
MYS,2017,man,301450,2513,4.25,3.84,5.14,4.3,Double deflated
MYS,2017,min,123017,97,6.02,3.11,9.38,4.3,Double deflated
MYS,2017,oth,36926,453,1.13,1.78,0.81,4.3,Double deflated
MYS,2017,pu,35119,143,1.33,2.39,0.77,4.3,Double deflated
MYS,2017,pub,130590,2211,1.18,2.09,0.88,4.3,Double deflated
MYS,2017,tra,46466,658,1.79,2.4,1.19,4.3,Double deflated
MYS,2017,trd,259494,3809,2.19,2.31,2.09,4.3,Double deflated
NAM,2017,agr,12561,151,11.54,,11.54,13.31,Single deflated
NAM,2017,bus,6323,52,7.24,,7.24,13.31,Single deflated
NAM,2017,con,5175,53,3.95,,3.95,13.31,Single deflated
NAM,2017,dwe,9619,1,3.07,,3.07,13.31,Single deflated
NAM,2017,fin,12598,15,7.79,,7.79,13.31,Single deflated
NAM,2017,man,20300,45,11.09,,11.48,13.31,Single deflated
NAM,2017,min,21515,13,20.51,,20.51,13.31,Single deflated
NAM,2017,oth,4676,104,4.76,,4.76,13.31,Single deflated
NAM,2017,pu,4568,8,14.36,,14.36,13.31,Single deflated
NAM,2017,pub,43354,96,5.52,,5.52,13.31,Single deflated
NAM,2017,tra,3222,24,8.83,,8.83,13.31,Single deflated
NAM,2017,trd,23982,137,11.46,,11.46,13.31,Single deflated
NGA,2017,agr,23952554,32358,110.71,127.3,109.63,305.79,Double deflated
NGA,2017,bus,16471389,5170,134.26,139.15,130.74,305.79,Double deflated
NGA,2017,con,4281776,1614,99.8,194.4,49.87,305.79,Double deflated
NGA,2017,dwe,8591544,66,69.87,124.51,57.65,305.79,Double deflated
NGA,2017,fin,3835777,884,200.2,161.57,231.26,305.79,Double deflated
NGA,2017,man,10044485,4922,235.92,201.3,322.19,305.79,Double deflated
NGA,2017,min,10481973,112,329.54,202.92,484.59,305.79,Double deflated
NGA,2017,oth,4577801,6037,52.18,121.48,31.25,305.79,Double deflated
NGA,2017,pu,831669,91,174.71,185.83,164.94,305.79,Double deflated
NGA,2017,pub,6297244,4497,65.93,144.05,43.43,305.79,Double deflated
NGA,2017,tra,1787491,2390,131.17,155.15,106.7,305.79,Double deflated
NGA,2017,trd,22557932,10949,195.0,133.6,256.85,305.79,Double deflated
NLD,2017,agr,13697,198,0.86,0.96,0.76,0.89,Double deflated
NLD,2017,bus,131769,2285,0.91,0.94,0.89,0.89,Double deflated
NLD,2017,con,29970,467,0.53,1.04,0.27,0.89,Double deflated
NLD,2017,dwe,45934,73,0.85,0.78,0.96,0.89,Double deflated
NLD,2017,fin,48133,212,0.72,0.81,0.66,0.89,Double deflated
NLD,2017,man,81583,770,1.09,1.03,1.2,0.89,Double deflated
NLD,2017,min,7422,8,0.9,1.08,0.83,0.89,Double deflated
NLD,2017,oth,15628,400,0.78,0.9,0.72,0.89,Double deflated
NLD,2017,pu,11700,61,1.23,1.06,1.55,0.89,Double deflated
NLD,2017,pub,139037,2408,0.73,0.98,0.62,0.89,Double deflated
NLD,2017,tra,32330,390,1.43,1.18,1.91,0.89,Double deflated
NLD,2017,trd,104363,1883,0.95,0.96,0.94,0.89,Double deflated
NOR,2017,agr,65132,66,13.95,13.0,15.18,8.27,Double deflated
NOR,2017,bus,330707,358,11.57,11.23,11.93,8.27,Double deflated
NOR,2017,con,193905,230,7.3,12.67,4.42,8.27,Double deflated
NOR,2017,dwe,225934,29,10.06,10.04,10.32,8.27,Double deflated
NOR,2017,fin,157146,47,9.67,10.43,9.32,8.27,Double deflated
NOR,2017,man,210917,213,13.01,11.99,14.95,8.27,Double deflated
NOR,2017,min,491595,56,7.51,11.25,7.02,8.27,Double deflated
NOR,2017,oth,58398,103,12.26,10.67,14.2,8.27,Double deflated
NOR,2017,pu,85319,31,10.76,11.32,10.19,8.27,Double deflated
NOR,2017,pub,681163,998,8.77,11.54,7.42,8.27,Double deflated
NOR,2017,tra,144437,157,15.18,12.29,21.51,8.27,Double deflated
NOR,2017,trd,275161,460,9.32,11.48,7.86,8.27,Double deflated
NPL,2017,agr,724283,9211,99.39,63.44,135.86,104.51,Double deflated
NPL,2017,bus,288610,154,38.13,39.11,37.45,104.51,Double deflated
NPL,2017,con,175300,916,20.71,55.27,6.17,104.51,Double deflated
NPL,2017,dwe,7744,15,16.51,32.09,12.99,104.51,Double deflated
NPL,2017,fin,135375,111,34.99,34.72,35.25,104.51,Double deflated
NPL,2017,man,133862,1031,52.82,64.93,29.9,104.51,Double deflated
NPL,2017,min,14233,56,168.81,54.44,333.42,104.51,Double deflated
NPL,2017,oth,113083,608,19.63,33.47,14.27,104.51,Double deflated
NPL,2017,pu,30609,72,29.76,51.49,16.46,104.51,Double deflated
NPL,2017,pub,287184,680,21.64,42.34,15.45,104.51,Double deflated
NPL,2017,tra,155528,305,31.98,43.51,23.29,104.51,Double deflated
NPL,2017,trd,378744,1531,38.59,40.84,36.6,104.51,Double deflated
NZL,2017,agr,17196,159,1.72,,1.72,1.41,Single deflated
NZL,2017,bus,38921,380,1.74,,1.74,1.41,Single deflated
NZL,2017,con,19006,243,1.65,,1.65,1.41,Single deflated
NZL,2017,dwe,38221,41,1.88,,1.88,1.41,Single deflated
NZL,2017,fin,16517,72,1.35,,1.35,1.41,Single deflated
NZL,2017,man,29616,255,2.08,,2.14,1.41,Single deflated
NZL,2017,min,2835,4,2.2,,2.2,1.41,Single deflated
NZL,2017,oth,9189,114,1.39,,1.39,1.41,Single deflated
NZL,2017,pu,8000,23,2.09,,2.09,1.41,Single deflated
NZL,2017,pub,40661,621,1.09,,1.09,1.41,Single deflated
NZL,2017,tra,12882,107,1.61,,1.61,1.41,Single deflated
NZL,2017,trd,33532,519,1.74,,1.74,1.41,Single deflated
PAK,2017,agr,7313327,24201,97.58,72.49,124.18,105.46,Double deflated
PAK,2017,bus,2399796,923,40.51,40.86,40.36,105.46,Double deflated
PAK,2017,con,685115,4596,19.64,54.93,5.16,105.46,Double deflated
PAK,2017,dwe,1668541,260,23.03,33.63,19.98,105.46,Double deflated
PAK,2017,fin,591682,336,40.17,37.89,41.37,105.46,Double deflated
PAK,2017,man,3829857,9433,70.7,69.2,67.76,105.46,Double deflated
PAK,2017,min,645887,123,110.54,53.64,176.09,105.46,Double deflated
PAK,2017,oth,509617,2033,25.85,36.46,20.96,105.46,Double deflated
PAK,2017,pu,573961,468,17.24,39.37,2.81,105.46,Double deflated
PAK,2017,pub,2674941,4690,23.25,40.35,17.55,105.46,Double deflated
PAK,2017,tra,3333568,3269,33.99,48.26,22.93,105.46,Double deflated
PAK,2017,trd,5791575,9956,45.31,43.18,45.56,105.46,Double deflated
PER,2017,agr,46644,3114,2.99,2.95,3.23,3.26,Double deflated
PER,2017,bus,48848,1207,2.15,2.3,2.04,3.26,Double deflated
PER,2017,con,45134,1159,1.07,2.98,0.31,3.26,Double deflated
PER,2017,dwe,28153,32,1.6,2.19,1.41,3.26,Double deflated
PER,2017,fin,33834,173,3.6,2.51,4.42,3.26,Double deflated
PER,2017,man,89238,1309,3.76,3.32,4.62,3.26,Double deflated
PER,2017,min,64714,173,4.5,3.0,6.27,3.26,Double deflated
PER,2017,oth,18739,886,1.49,2.15,1.18,3.26,Double deflated
PER,2017,pu,16240,62,2.51,2.84,2.22,3.26,Double deflated
PER,2017,pub,93924,2640,1.25,2.4,0.9,3.26,Double deflated
PER,2017,tra,44517,1439,1.62,2.38,1.04,3.26,Double deflated
PER,2017,trd,103006,4153,1.89,2.31,1.62,3.26,Double deflated
PHL,2017,agr,1527571,10261,42.79,,42.79,50.4,Single deflated
PHL,2017,bus,1500389,2119,21.65,,21.65,50.4,Single deflated
PHL,2017,con,1113606,3537,11.2,,11.2,50.4,Single deflated
PHL,2017,dwe,1009206,186,7.77,,7.77,50.4,Single deflated
PHL,2017,fin,1297583,506,22.82,,22.82,50.4,Single deflated
PHL,2017,man,3036906,3481,37.87,,37.61,50.4,Single deflated
PHL,2017,min,133955,203,72.13,,72.13,50.4,Single deflated
PHL,2017,oth,368546,3028,9.52,,9.52,50.4,Single deflated
PHL,2017,pu,494102,149,39.19,,39.19,50.4,Single deflated
PHL,2017,pub,1542643,4097,13.35,,13.35,50.4,Single deflated
PHL,2017,tra,575742,3127,19.25,,19.25,50.4,Single deflated
PHL,2017,trd,3207347,9639,35.81,,35.81,50.4,Single deflated
POL,2017,agr,57154,1660,2.8,2.8,2.81,3.78,Double deflated
POL,2017,bus,220841,1467,2.07,2.19,1.97,3.78,Double deflated
POL,2017,con,123248,1169,1.26,2.94,0.45,3.78,Double deflated
POL,2017,dwe,85700,147,0.73,2.01,0.45,3.78,Double deflated
POL,2017,fin,74660,396,1.98,1.97,1.99,3.78,Double deflated
POL,2017,man,334644,3405,3.42,3.28,3.44,3.78,Double deflated
POL,2017,min,32366,207,5.47,3.35,8.16,3.78,Double deflated
POL,2017,oth,39106,503,1.69,2.1,1.47,3.78,Double deflated
POL,2017,pu,73890,324,3.93,3.3,4.95,3.78,Double deflated
POL,2017,pub,254941,3305,1.12,2.31,0.78,3.78,Double deflated
POL,2017,tra,119623,1008,2.69,2.67,2.78,3.78,Double deflated
POL,2017,trd,331352,2723,2.22,2.22,2.21,3.78,Double deflated
PRT,2017,agr,4107,432,0.77,0.86,0.7,0.89,Double deflated
PRT,2017,bus,18903,658,0.73,0.76,0.7,0.89,Double deflated
PRT,2017,con,6864,289,0.27,0.84,0.06,0.89,Double deflated
PRT,2017,dwe,21195,36,0.44,0.59,0.39,0.89,Double deflated
PRT,2017,fin,8510,82,0.6,0.65,0.57,0.89,Double deflated
PRT,2017,man,24185,749,1.15,1.05,1.3,0.89,Double deflated
PRT,2017,min,609,12,1.25,1.0,1.48,0.89,Double deflated
PRT,2017,oth,4951,275,0.59,0.73,0.52,0.89,Double deflated
PRT,2017,pu,5802,51,1.49,1.2,2.3,0.89,Double deflated
PRT,2017,pub,32695,989,0.46,0.79,0.35,0.89,Double deflated
PRT,2017,tra,8455,175,0.95,0.89,1.08,0.89,Double deflated
PRT,2017,trd,33366,1055,0.56,0.75,0.45,0.89,Double deflated
ROU,2017,agr,37802,2016,4.13,3.21,5.35,4.05,Double deflated
ROU,2017,bus,111814,568,2.14,2.3,2.02,4.05,Double deflated
ROU,2017,con,46449,695,0.9,2.84,0.2,4.05,Double deflated
ROU,2017,dwe,70413,23,1.22,1.86,1.05,4.05,Double deflated
ROU,2017,fin,20985,114,2.08,2.1,2.07,4.05,Double deflated
ROU,2017,man,168729,1626,3.53,3.4,3.55,4.05,Double deflated
ROU,2017,min,5462,71,4.52,3.09,6.21,4.05,Double deflated
ROU,2017,oth,26685,245,1.68,2.11,1.44,4.05,Double deflated
ROU,2017,pu,27269,193,3.14,2.97,3.55,4.05,Double deflated
ROU,2017,pub,104929,1184,1.01,2.36,0.67,4.05,Double deflated
ROU,2017,tra,53861,510,2.57,2.61,2.56,4.05,Double deflated
ROU,2017,trd,95968,1387,2.59,2.33,2.91,4.05,Double deflated
RUS,2017,agr,3263769,5077,47.19,37.54,59.58,58.34,Double deflated
RUS,2017,bus,7844328,6257,29.09,30.28,28.27,58.34,Double deflated
RUS,2017,con,4998311,6322,23.94,41.58,12.95,58.34,Double deflated
RUS,2017,dwe,8265683,1935,18.24,26.28,15.89,58.34,Double deflated
RUS,2017,fin,3619018,1424,31.99,29.26,33.62,58.34,Double deflated
RUS,2017,man,11308444,10179,42.04,42.77,35.98,58.34,Double deflated
RUS,2017,min,9028547,1127,78.31,41.21,126.95,58.34,Double deflated
RUS,2017,oth,1781933,2816,26.77,28.61,25.01,58.34,Double deflated
RUS,2017,pu,2836036,2380,18.95,31.8,8.68,58.34,Double deflated
RUS,2017,pub,11693053,13685,12.89,29.88,8.45,58.34,Double deflated
RUS,2017,tra,5816318,5243,30.81,32.25,29.44,58.34,Double deflated
RUS,2017,trd,12441955,15355,32.09,29.76,33.97,58.34,Double deflated
RWA,2017,agr,2352000,3157,881.0,597.97,1111.45,831.53,Double deflated
RWA,2017,bus,698000,72,363.78,424.08,333.13,831.53,Double deflated
RWA,2017,con,443000,272,265.6,566.23,110.75,831.53,Double deflated
RWA,2017,dwe,608000,3,279.1,389.36,246.01,831.53,Double deflated
RWA,2017,fin,217000,23,574.38,424.95,667.06,831.53,Double deflated
RWA,2017,man,450000,159,581.07,648.93,396.35,831.53,Double deflated
RWA,2017,min,182000,48,1022.03,582.94,1580.69,831.53,Double deflated
RWA,2017,oth,382000,283,191.64,385.46,129.67,831.53,Double deflated
RWA,2017,pu,126000,19,552.04,522.75,681.06,831.53,Double deflated
RWA,2017,pub,675000,223,241.73,414.23,185.89,831.53,Double deflated
RWA,2017,tra,287000,125,291.31,439.6,142.5,831.53,Double deflated
RWA,2017,trd,656000,516,456.17,436.56,526.67,831.53,Double deflated
SEN,2017,agr,1832801,1389,605.73,453.91,759.05,580.66,Double deflated
SEN,2017,bus,1305390,107,287.92,290.11,286.43,580.66,Double deflated
SEN,2017,con,335652,322,161.61,401.02,51.44,580.66,Double deflated
SEN,2017,dwe,941340,14,119.36,234.64,98.32,580.66,Double deflated
SEN,2017,fin,284967,24,255.52,260.89,252.04,580.66,Double deflated
SEN,2017,man,1932574,739,500.31,497.59,467.18,580.66,Double deflated
SEN,2017,min,334029,41,991.26,418.72,1976.99,580.66,Double deflated
SEN,2017,oth,246123,725,149.91,258.73,111.88,580.66,Double deflated
SEN,2017,pu,250058,31,289.6,392.58,196.24,580.66,Double deflated
SEN,2017,pub,1346442,372,171.21,299.72,128.13,580.66,Double deflated
SEN,2017,tra,471617,260,224.77,311.62,153.59,580.66,Double deflated
SEN,2017,trd,1713464,1746,269.99,291.54,253.3,580.66,Double deflated
SGP,2017,agr,108,12,2.32,1.75,3.13,1.38,Double deflated
SGP,2017,bus,68975,613,1.21,1.24,1.19,1.38,Double deflated
SGP,2017,con,16669,452,0.53,1.35,0.16,1.38,Double deflated
SGP,2017,dwe,32581,86,0.84,1.04,0.78,1.38,Double deflated
SGP,2017,fin,55802,189,1.24,1.19,1.27,1.38,Double deflated
SGP,2017,man,88185,490,1.66,1.68,1.49,1.38,Double deflated
SGP,2017,min,14,4,1.9,1.43,2.51,1.38,Double deflated
SGP,2017,oth,8922,412,0.62,1.12,0.43,1.38,Double deflated
SGP,2017,pu,5426,11,1.45,1.51,1.44,1.38,Double deflated
SGP,2017,pub,41538,404,0.78,1.31,0.61,1.38,Double deflated
SGP,2017,tra,31113,252,1.18,1.37,0.94,1.38,Double deflated
SGP,2017,trd,89141,745,1.67,1.27,2.2,1.38,Double deflated
SVK,2017,agr,1765,72,0.74,0.77,0.72,0.89,Double deflated
SVK,2017,bus,11925,309,0.67,0.69,0.65,0.89,Double deflated
SVK,2017,con,6188,170,0.33,0.82,0.11,0.89,Double deflated
SVK,2017,dwe,7625,27,0.45,0.59,0.41,0.89,Double deflated
SVK,2017,fin,1947,46,0.59,0.61,0.56,0.89,Double deflated
SVK,2017,man,15167,529,1.02,0.93,1.14,0.89,Double deflated
SVK,2017,min,319,6,1.12,0.87,1.39,0.89,Double deflated
SVK,2017,oth,2710,75,0.52,0.66,0.45,0.89,Double deflated
SVK,2017,pu,2566,41,0.95,0.9,1.17,0.89,Double deflated
SVK,2017,pub,11170,475,0.31,0.69,0.21,0.89,Double deflated
SVK,2017,tra,4697,140,0.68,0.75,0.61,0.89,Double deflated
SVK,2017,trd,9555,481,0.56,0.68,0.47,0.89,Double deflated
SVN,2017,agr,783,74,0.98,0.91,1.07,0.89,Double deflated
SVN,2017,bus,5281,161,0.7,0.74,0.66,0.89,Double deflated
SVN,2017,con,2012,64,0.32,0.89,0.09,0.89,Double deflated
SVN,2017,dwe,2875,6,0.44,0.6,0.38,0.89,Double deflated
SVN,2017,fin,1406,22,0.62,0.66,0.59,0.89,Double deflated
SVN,2017,man,8853,205,1.12,1.07,1.14,0.89,Double deflated
SVN,2017,min,138,3,1.19,1.01,1.31,0.89,Double deflated
SVN,2017,oth,940,39,0.63,0.72,0.59,0.89,Double deflated
SVN,2017,pu,1195,19,1.09,0.96,1.36,0.89,Double deflated
SVN,2017,pub,6087,187,0.42,0.76,0.31,0.89,Double deflated
SVN,2017,tra,2431,53,1.05,0.9,1.32,0.89,Double deflated
SVN,2017,trd,5372,160,0.51,0.75,0.37,0.89,Double deflated
SWE,2017,agr,66765,104,9.03,10.05,7.88,8.55,Double deflated
SWE,2017,bus,769713,833,9.77,10.09,9.54,8.55,Double deflated
SWE,2017,con,277343,373,7.63,12.2,4.59,8.55,Double deflated
SWE,2017,dwe,342112,84,7.08,9.49,6.48,8.55,Double deflated
SWE,2017,fin,168311,94,7.67,8.92,7.12,8.55,Double deflated
SWE,2017,man,603368,561,11.17,11.33,10.56,8.55,Double deflated
SWE,2017,min,25535,8,13.64,12.14,14.91,8.55,Double deflated
SWE,2017,oth,119919,236,10.57,9.9,11.28,8.55,Double deflated
SWE,2017,pu,117212,58,13.06,12.34,14.14,8.55,Double deflated
SWE,2017,pub,877225,1635,7.02,10.58,5.64,8.55,Double deflated
SWE,2017,tra,213760,255,13.27,11.76,16.29,8.55,Double deflated
SWE,2017,trd,519383,777,8.74,9.94,7.87,8.55,Double deflated
THA,2017,agr,1300994,11783,26.11,24.02,29.32,33.94,Double deflated
THA,2017,bus,887927,1170,15.06,16.2,14.13,33.94,Double deflated
THA,2017,con,394720,2160,6.36,25.78,0.78,33.94,Double deflated
THA,2017,dwe,377351,204,4.99,12.57,3.63,33.94,Double deflated
THA,2017,fin,1178057,525,14.76,14.24,15.08,33.94,Double deflated
THA,2017,man,4186823,6108,31.44,28.3,37.46,33.94,Double deflated
THA,2017,min,386153,64,46.83,22.9,106.87,33.94,Double deflated
THA,2017,oth,323168,1307,10.18,15.02,7.89,33.94,Double deflated
THA,2017,pu,460841,226,16.24,23.0,10.86,33.94,Double deflated
THA,2017,pub,1871207,3493,8.74,17.22,6.16,33.94,Double deflated
THA,2017,tra,918722,1232,12.26,17.76,7.42,33.94,Double deflated
THA,2017,trd,3200590,9099,17.5,16.75,17.98,33.94,Double deflated
TUN,2017,agr,9336,355,1.93,,1.93,2.42,Single deflated
TUN,2017,bus,14987,384,0.84,,0.84,2.42,Single deflated
TUN,2017,con,3852,528,0.68,,0.68,2.42,Single deflated
TUN,2017,dwe,379,10,0.21,,0.21,2.42,Single deflated
TUN,2017,fin,4393,37,0.76,,0.76,2.42,Single deflated
TUN,2017,man,14235,611,1.57,,1.58,2.42,Single deflated
TUN,2017,min,3099,24,2.35,,2.35,2.42,Single deflated
TUN,2017,oth,11351,423,0.58,,0.58,2.42,Single deflated
TUN,2017,pu,1113,35,0.87,,0.87,2.42,Single deflated
TUN,2017,pub,18462,827,0.58,,0.58,2.42,Single deflated
TUN,2017,tra,6793,132,0.78,,0.78,2.42,Single deflated
TUN,2017,trd,13055,402,1.58,,1.58,2.42,Single deflated
TUR,2017,agr,189194,5464,3.57,2.97,4.34,3.65,Double deflated
TUR,2017,bus,247250,2704,2.03,2.04,2.03,3.65,Double deflated
TUR,2017,con,266066,2095,0.74,2.16,0.19,3.65,Double deflated
TUR,2017,dwe,222313,286,0.78,1.57,0.6,3.65,Double deflated
TUR,2017,fin,100675,271,1.87,1.82,1.9,3.65,Double deflated
TUR,2017,man,547179,4969,2.97,2.88,2.96,3.65,Double deflated
TUR,2017,min,27863,137,4.1,2.76,5.72,3.65,Double deflated
TUR,2017,oth,58990,1037,1.38,1.86,1.13,3.65,Double deflated
TUR,2017,pu,67348,277,2.63,2.68,2.81,3.65,Double deflated
TUR,2017,pub,337138,4257,0.82,2.02,0.52,3.65,Double deflated
TUR,2017,tra,240653,1235,2.43,2.4,2.5,3.65,Double deflated
TUR,2017,trd,452087,5457,2.06,2.08,2.03,3.65,Double deflated
TWN,2017,agr,328835,557,27.62,24.59,31.52,30.44,Double deflated
TWN,2017,bus,1261605,917,18.58,18.79,18.42,30.44,Double deflated
TWN,2017,con,417259,901,10.12,23.52,3.7,30.44,Double deflated
TWN,2017,dwe,1437581,103,12.98,15.65,11.82,30.44,Double deflated
TWN,2017,fin,1178408,429,16.57,16.96,16.48,30.44,Double deflated
TWN,2017,man,5873213,3045,28.55,26.39,32.79,30.44,Double deflated
TWN,2017,min,10536,4,25.57,22.65,29.22,30.44,Double deflated
TWN,2017,oth,590619,657,13.58,17.58,11.4,30.44,Double deflated
TWN,2017,pu,348821,112,12.09,17.97,7.01,30.44,Double deflated
TWN,2017,pub,2319011,1476,10.87,18.66,8.17,30.44,Double deflated
TWN,2017,tra,546338,443,19.66,20.39,19.06,30.44,Double deflated
TWN,2017,trd,3232861,2707,21.18,19.14,21.84,30.44,Double deflated
TZA,2017,agr,34466256,14543,2636.18,1722.06,3489.09,2228.86,Double deflated
TZA,2017,bus,5634400,183,936.44,1021.44,877.71,2228.86,Double deflated
TZA,2017,con,14626082,406,766.26,1543.72,342.72,2228.86,Double deflated
TZA,2017,dwe,3364595,5,641.03,1039.81,541.55,2228.86,Double deflated
TZA,2017,fin,4833337,53,1212.05,1065.87,1289.45,2228.86,Double deflated
TZA,2017,man,9185340,674,1690.66,1850.0,1210.47,2228.86,Double deflated
TZA,2017,min,5253724,180,3327.91,1516.66,5773.16,2228.86,Double deflated
TZA,2017,oth,1496913,613,489.53,877.18,340.1,2228.86,Double deflated
TZA,2017,pu,941776,29,1397.38,1478.58,1321.74,2228.86,Double deflated
TZA,2017,pub,9618910,785,740.47,1084.27,595.96,2228.86,Double deflated
TZA,2017,tra,7970063,460,611.77,1042.75,348.9,2228.86,Double deflated
TZA,2017,trd,12559612,3111,942.71,1076.21,849.85,2228.86,Double deflated
UGA,2017,agr,24438304,9385,2025.69,,2025.69,3611.22,Single deflated
UGA,2017,bus,6053842,131,1474.89,,1474.89,3611.22,Single deflated
UGA,2017,con,6784903,338,1087.42,,1087.42,3611.23,Single deflated
UGA,2017,dwe,4302546,8,718.37,,718.37,3611.22,Single deflated
UGA,2017,fin,3232927,37,3331.18,,3331.18,3611.23,Single deflated
UGA,2017,man,8552646,730,2338.43,,2449.74,3611.22,Single deflated
UGA,2017,min,558294,117,3490.33,,3490.33,3611.22,Single deflated
UGA,2017,oth,2028553,474,685.88,,685.88,3611.23,Single deflated
UGA,2017,pu,3751525,9,2132.9,,2132.9,3611.22,Single deflated
UGA,2017,pub,12923425,838,602.23,,602.23,3611.23,Single deflated
UGA,2017,tra,2745814,371,1505.92,,1505.92,3611.23,Single deflated
UGA,2017,trd,14665594,1786,2399.58,,2399.58,3611.22,Single deflated
USA,2017,agr,184943,2208,1.0,1.0,1.0,1.0,Double deflated
USA,2017,bus,3524769,25736,1.0,1.0,1.0,1.0,Double deflated
USA,2017,con,798704,8694,1.0,1.0,1.0,1.0,Double deflated
USA,2017,dwe,2299013,2077,1.0,1.0,1.0,1.0,Double deflated
USA,2017,fin,1483385,6508,1.0,1.0,1.0,1.0,Double deflated
USA,2017,man,2192406,12761,1.0,1.0,1.0,1.0,Double deflated
USA,2017,min,266018,633,1.0,1.0,1.0,1.0,Double deflated
USA,2017,oth,496664,10097,1.0,1.0,1.0,1.0,Double deflated
USA,2017,pu,334252,996,1.0,1.0,1.0,1.0,Double deflated
USA,2017,pub,4131771,48241,1.0,1.0,1.0,1.0,Double deflated
USA,2017,tra,629938,6353,1.0,1.0,1.0,1.0,Double deflated
USA,2017,trd,2439881,37403,1.0,1.0,1.0,1.0,Double deflated
VNM,2017,agr,768200000,21565,31273.65,18563.79,62280.89,22370.09,Double deflated
VNM,2017,bus,117300000,900,9315.53,10187.39,8462.26,22370.09,Double deflated
VNM,2017,con,287100000,4028,4228.94,14176.93,635.6,22370.09,Double deflated
VNM,2017,dwe,239900000,226,5392.75,7932.78,4684.15,22370.09,Double deflated
VNM,2017,fin,273800000,384,7624.0,8104.09,7208.82,22370.09,Double deflated
VNM,2017,man,767500000,9316,18141.38,18378.89,14447.61,22370.09,Double deflated
VNM,2017,min,373900000,211,33180.08,15836.7,70842.43,22370.09,Double deflated
VNM,2017,oth,125700000,1345,5492.23,8982.9,3772.59,22370.09,Double deflated
VNM,2017,pu,243400000,289,10955.58,14809.29,8227.13,22370.09,Double deflated
VNM,2017,pub,447800000,4295,3752.97,10376.86,2044.68,22370.09,Double deflated
VNM,2017,tra,133100000,1752,9438.54,11533.04,7036.49,22370.09,Double deflated
VNM,2017,trd,728000000,9394,5946.08,10916.17,3203.46,22370.09,Double deflated
ZAF,2017,agr,109882,3030,14.68,10.71,20.7,13.33,Double deflated
ZAF,2017,bus,289842,2003,7.34,7.99,6.77,13.33,Double deflated
ZAF,2017,con,163162,1426,3.28,10.32,0.67,13.33,Double deflated
ZAF,2017,dwe,237954,147,4.01,6.03,3.44,13.33,Double deflated
ZAF,2017,fin,376186,468,6.73,6.83,6.65,13.33,Double deflated
ZAF,2017,man,558957,1757,13.04,12.0,14.78,13.33,Double deflated
ZAF,2017,min,343672,438,18.92,10.53,30.72,13.33,Double deflated
ZAF,2017,oth,243055,1911,4.76,7.1,3.67,13.33,Double deflated
ZAF,2017,pu,157781,176,2.84,7.48,1.09,13.33,Double deflated
ZAF,2017,pub,734073,2809,4.87,8.09,3.75,13.33,Double deflated
ZAF,2017,tra,333617,898,11.92,9.49,15.69,13.33,Double deflated
ZAF,2017,trd,625147,3241,10.38,8.15,12.76,13.33,Double deflated
ZMB,2017,agr,9910,2806,12.54,7.89,18.61,9.52,Double deflated
ZMB,2017,bus,10314,106,5.03,5.58,4.58,9.52,Double deflated
ZMB,2017,con,23377,145,2.53,8.03,0.65,9.52,Double deflated
ZMB,2017,dwe,10683,32,2.13,4.24,1.62,9.52,Double deflated
ZMB,2017,fin,12736,23,4.74,4.73,4.76,9.52,Double deflated
ZMB,2017,man,20013,234,8.48,9.35,6.07,9.52,Double deflated
ZMB,2017,min,39005,58,14.21,7.83,23.83,9.52,Double deflated
ZMB,2017,oth,1633,280,2.83,4.84,1.85,9.52,Double deflated
ZMB,2017,pu,9466,22,5.37,6.87,4.36,9.52,Double deflated
ZMB,2017,pub,28260,334,2.7,5.37,1.91,9.52,Double deflated
ZMB,2017,tra,13979,112,7.04,5.96,7.81,9.52,Double deflated
ZMB,2017,trd,50678,855,6.65,5.27,7.42,9.52,Double deflated
