Country Name,Country Code,Series Name,Series Code,2023 [YR2023]
Afghanistan,AFG,GDP (current US$),NY.GDP.MKTP.CD,17233051620.1117
Albania,ALB,GDP (current US$),NY.GDP.MKTP.CD,23547179830.4413
Algeria,DZA,GDP (current US$),NY.GDP.MKTP.CD,247626161016.414
American Samoa,ASM,GDP (current US$),NY.GDP.MKTP.CD,NA
Andorra,AND,GDP (current US$),NY.GDP.MKTP.CD,3785067331.7625
Angola,AGO,GDP (current US$),NY.GDP.MKTP.CD,84824654481.7249
Antigua and Barbuda,ATG,GDP (current US$),NY.GDP.MKTP.CD,2033085185.18518
Argentina,ARG,GDP (current US$),NY.GDP.MKTP.CD,646075277525.125
Armenia,ARM,GDP (current US$),NY.GDP.MKTP.CD,24085749592.3359
Aruba,ABW,GDP (current US$),NY.GDP.MKTP.CD,3648573136.15155
Australia,AUS,GDP (current US$),NY.GDP.MKTP.CD,1728057316695.61
Austria,AUT,GDP (current US$),NY.GDP.MKTP.CD,511685203845.001
Azerbaijan,AZE,GDP (current US$),NY.GDP.MKTP.CD,72356176470.5882
"Bahamas, The",BHS,GDP (current US$),NY.GDP.MKTP.CD,14338500000
Bahrain,BHR,GDP (current US$),NY.GDP.MKTP.CD,46079867021.2766
Bangladesh,BGD,GDP (current US$),NY.GDP.MKTP.CD,437415331040.994
Barbados,BRB,GDP (current US$),NY.GDP.MKTP.CD,6720733200
Belarus,BLR,GDP (current US$),NY.GDP.MKTP.CD,71857382745.6066
Belgium,BEL,GDP (current US$),NY.GDP.MKTP.CD,644782756682.756
Belize,BLZ,GDP (current US$),NY.GDP.MKTP.CD,3066850000
Benin,BEN,GDP (current US$),NY.GDP.MKTP.CD,19676049075.7011
Bermuda,BMU,GDP (current US$),NY.GDP.MKTP.CD,8141700000
Bhutan,BTN,GDP (current US$),NY.GDP.MKTP.CD,NA
Bolivia,BOL,GDP (current US$),NY.GDP.MKTP.CD,45135398008.8166
Bosnia and Herzegovina,BIH,GDP (current US$),NY.GDP.MKTP.CD,27514782476.0406
Botswana,BWA,GDP (current US$),NY.GDP.MKTP.CD,19396084498.0084
Brazil,BRA,GDP (current US$),NY.GDP.MKTP.CD,2173665655937.27
British Virgin Islands,VGB,GDP (current US$),NY.GDP.MKTP.CD,NA
Brunei Darussalam,BRN,GDP (current US$),NY.GDP.MKTP.CD,15128292980.8638
Bulgaria,BGR,GDP (current US$),NY.GDP.MKTP.CD,102407653020.606
Burkina Faso,BFA,GDP (current US$),NY.GDP.MKTP.CD,20324617844.5265
Burundi,BDI,GDP (current US$),NY.GDP.MKTP.CD,2642161668.85211
Cabo Verde,CPV,GDP (current US$),NY.GDP.MKTP.CD,2533819406.4916
Cambodia,KHM,GDP (current US$),NY.GDP.MKTP.CD,42335646895.7984
Cameroon,CMR,GDP (current US$),NY.GDP.MKTP.CD,49279410982.826
Canada,CAN,GDP (current US$),NY.GDP.MKTP.CD,2142470914401.36
Cayman Islands,CYM,GDP (current US$),NY.GDP.MKTP.CD,7139428557.71423
Central African Republic,CAF,GDP (current US$),NY.GDP.MKTP.CD,2555492085.24831
Chad,TCD,GDP (current US$),NY.GDP.MKTP.CD,13149325362.3347
Channel Islands,CHI,GDP (current US$),NY.GDP.MKTP.CD,12507927144.1342
Chile,CHL,GDP (current US$),NY.GDP.MKTP.CD,335533331669.219
China,CHN,GDP (current US$),NY.GDP.MKTP.CD,17794783039552
Colombia,COL,GDP (current US$),NY.GDP.MKTP.CD,363493841244.303
Comoros,COM,GDP (current US$),NY.GDP.MKTP.CD,1352380971.24055
"Congo, Dem. Rep.",COD,GDP (current US$),NY.GDP.MKTP.CD,66383287002.9867
"Congo, Rep.",COG,GDP (current US$),NY.GDP.MKTP.CD,15321055822.5167
Costa Rica,CRI,GDP (current US$),NY.GDP.MKTP.CD,86497941439.0174
Cote d'Ivoire,CIV,GDP (current US$),NY.GDP.MKTP.CD,78875489245.0538
Croatia,HRV,GDP (current US$),NY.GDP.MKTP.CD,84393795502.4421
Cuba,CUB,GDP (current US$),NY.GDP.MKTP.CD,NA
Curacao,CUW,GDP (current US$),NY.GDP.MKTP.CD,3281419347.37053
Cyprus,CYP,GDP (current US$),NY.GDP.MKTP.CD,33886930712.3394
Czechia,CZE,GDP (current US$),NY.GDP.MKTP.CD,343207874553.734
Denmark,DNK,GDP (current US$),NY.GDP.MKTP.CD,407091920305.404
Djibouti,DJI,GDP (current US$),NY.GDP.MKTP.CD,4098530513.55777
Dominica,DMA,GDP (current US$),NY.GDP.MKTP.CD,653992592.592593
Dominican Republic,DOM,GDP (current US$),NY.GDP.MKTP.CD,121444279313.931
Ecuador,ECU,GDP (current US$),NY.GDP.MKTP.CD,118844826000
"Egypt, Arab Rep.",EGY,GDP (current US$),NY.GDP.MKTP.CD,396002496996.96
El Salvador,SLV,GDP (current US$),NY.GDP.MKTP.CD,34015620000
Equatorial Guinea,GNQ,GDP (current US$),NY.GDP.MKTP.CD,12337550583.754
Eritrea,ERI,GDP (current US$),NY.GDP.MKTP.CD,NA
Estonia,EST,GDP (current US$),NY.GDP.MKTP.CD,41291245222.1948
Eswatini,SWZ,GDP (current US$),NY.GDP.MKTP.CD,4442875788.08505
Ethiopia,ETH,GDP (current US$),NY.GDP.MKTP.CD,163697927593.982
Faroe Islands,FRO,GDP (current US$),NY.GDP.MKTP.CD,3907323961.33964
Fiji,FJI,GDP (current US$),NY.GDP.MKTP.CD,5442046565.04719
Finland,FIN,GDP (current US$),NY.GDP.MKTP.CD,295532341254.907
France,FRA,GDP (current US$),NY.GDP.MKTP.CD,3051831611384.76
French Polynesia,PYF,GDP (current US$),NY.GDP.MKTP.CD,NA
Gabon,GAB,GDP (current US$),NY.GDP.MKTP.CD,19388402541.6698
"Gambia, The",GMB,GDP (current US$),NY.GDP.MKTP.CD,2396111021.64149
Georgia,GEO,GDP (current US$),NY.GDP.MKTP.CD,30777833585.4441
Germany,DEU,GDP (current US$),NY.GDP.MKTP.CD,4525703903627.53
Ghana,GHA,GDP (current US$),NY.GDP.MKTP.CD,76370396722.154
Gibraltar,GIB,GDP (current US$),NY.GDP.MKTP.CD,NA
Greece,GRC,GDP (current US$),NY.GDP.MKTP.CD,243498333237.802
Greenland,GRL,GDP (current US$),NY.GDP.MKTP.CD,NA
Grenada,GRD,GDP (current US$),NY.GDP.MKTP.CD,1316733333.33333
Guam,GUM,GDP (current US$),NY.GDP.MKTP.CD,NA
Guatemala,GTM,GDP (current US$),NY.GDP.MKTP.CD,104450210572.012
Guinea,GIN,GDP (current US$),NY.GDP.MKTP.CD,22199409741.2578
Guinea-Bissau,GNB,GDP (current US$),NY.GDP.MKTP.CD,2048348108.35852
Guyana,GUY,GDP (current US$),NY.GDP.MKTP.CD,17159509565.4676
Haiti,HTI,GDP (current US$),NY.GDP.MKTP.CD,19850829757.5418
Honduras,HND,GDP (current US$),NY.GDP.MKTP.CD,34400509852.0436
"Hong Kong SAR, China",HKG,GDP (current US$),NY.GDP.MKTP.CD,380812234827.832
Hungary,HUN,GDP (current US$),NY.GDP.MKTP.CD,212388906458.724
Iceland,ISL,GDP (current US$),NY.GDP.MKTP.CD,31325116556.3807
India,IND,GDP (current US$),NY.GDP.MKTP.CD,3567551674623.01
Indonesia,IDN,GDP (current US$),NY.GDP.MKTP.CD,1371171152331.16
"Iran, Islamic Rep.",IRN,GDP (current US$),NY.GDP.MKTP.CD,404625655204.619
Iraq,IRQ,GDP (current US$),NY.GDP.MKTP.CD,250842782139.464
Ireland,IRL,GDP (current US$),NY.GDP.MKTP.CD,551394889339.778
Isle of Man,IMN,GDP (current US$),NY.GDP.MKTP.CD,NA
Israel,ISR,GDP (current US$),NY.GDP.MKTP.CD,513611100815.691
Italy,ITA,GDP (current US$),NY.GDP.MKTP.CD,2300941152991.81
Jamaica,JAM,GDP (current US$),NY.GDP.MKTP.CD,19423355409.2316
Japan,JPN,GDP (current US$),NY.GDP.MKTP.CD,4204494802431.55
Jordan,JOR,GDP (current US$),NY.GDP.MKTP.CD,50967475352.1127
Kazakhstan,KAZ,GDP (current US$),NY.GDP.MKTP.CD,262641892078.524
Kenya,KEN,GDP (current US$),NY.GDP.MKTP.CD,108038588970.595
Kiribati,KIR,GDP (current US$),NY.GDP.MKTP.CD,279208903.337644
"Korea, Dem. People's Rep.",PRK,GDP (current US$),NY.GDP.MKTP.CD,NA
"Korea, Rep.",KOR,GDP (current US$),NY.GDP.MKTP.CD,1712792854202.37
Kosovo,XKX,GDP (current US$),NY.GDP.MKTP.CD,10468219225.4869
Kuwait,KWT,GDP (current US$),NY.GDP.MKTP.CD,163704878875.85
Kyrgyz Republic,KGZ,GDP (current US$),NY.GDP.MKTP.CD,13987627908.8381
Lao PDR,LAO,GDP (current US$),NY.GDP.MKTP.CD,15843155731.2552
Latvia,LVA,GDP (current US$),NY.GDP.MKTP.CD,42247850064.5125
Lebanon,LBN,GDP (current US$),NY.GDP.MKTP.CD,NA
Lesotho,LSO,GDP (current US$),NY.GDP.MKTP.CD,2117962450.79469
Liberia,LBR,GDP (current US$),NY.GDP.MKTP.CD,4240000000
Libya,LBY,GDP (current US$),NY.GDP.MKTP.CD,45096462972.4014
Liechtenstein,LIE,GDP (current US$),NY.GDP.MKTP.CD,NA
Lithuania,LTU,GDP (current US$),NY.GDP.MKTP.CD,79789877416.1681
Luxembourg,LUX,GDP (current US$),NY.GDP.MKTP.CD,85755006123.5976
"Macao SAR, China",MAC,GDP (current US$),NY.GDP.MKTP.CD,45803067940.4072
Madagascar,MDG,GDP (current US$),NY.GDP.MKTP.CD,15790113246.7478
Malawi,MWI,GDP (current US$),NY.GDP.MKTP.CD,12712150082.0792
Malaysia,MYS,GDP (current US$),NY.GDP.MKTP.CD,399705169318.477
Maldives,MDV,GDP (current US$),NY.GDP.MKTP.CD,6590894301.9579
Mali,MLI,GDP (current US$),NY.GDP.MKTP.CD,20661794596.0873
Malta,MLT,GDP (current US$),NY.GDP.MKTP.CD,22328640241.5553
Marshall Islands,MHL,GDP (current US$),NY.GDP.MKTP.CD,259300000
Mauritania,MRT,GDP (current US$),NY.GDP.MKTP.CD,10651709411.4594
Mauritius,MUS,GDP (current US$),NY.GDP.MKTP.CD,14644524819.0054
Mexico,MEX,GDP (current US$),NY.GDP.MKTP.CD,1789114434843.46
"Micronesia, Fed. Sts.",FSM,GDP (current US$),NY.GDP.MKTP.CD,460000000
Moldova,MDA,GDP (current US$),NY.GDP.MKTP.CD,16539436547.295
Monaco,MCO,GDP (current US$),NY.GDP.MKTP.CD,9995350547.12166
Mongolia,MNG,GDP (current US$),NY.GDP.MKTP.CD,20325121393.9074
Montenegro,MNE,GDP (current US$),NY.GDP.MKTP.CD,7530593375.22034
Morocco,MAR,GDP (current US$),NY.GDP.MKTP.CD,144417103249.646
Mozambique,MOZ,GDP (current US$),NY.GDP.MKTP.CD,20954220983.5473
Myanmar,MMR,GDP (current US$),NY.GDP.MKTP.CD,66757619000
Namibia,NAM,GDP (current US$),NY.GDP.MKTP.CD,12351025066.9131
Nauru,NRU,GDP (current US$),NY.GDP.MKTP.CD,154170289.321861
Nepal,NPL,GDP (current US$),NY.GDP.MKTP.CD,40908073366.8455
Netherlands,NLD,GDP (current US$),NY.GDP.MKTP.CD,1154361305398.06
New Caledonia,NCL,GDP (current US$),NY.GDP.MKTP.CD,NA
New Zealand,NZL,GDP (current US$),NY.GDP.MKTP.CD,252175506110.168
Nicaragua,NIC,GDP (current US$),NY.GDP.MKTP.CD,17829218219.3591
Niger,NER,GDP (current US$),NY.GDP.MKTP.CD,16819170420.5653
Nigeria,NGA,GDP (current US$),NY.GDP.MKTP.CD,363846332834.618
North Macedonia,MKD,GDP (current US$),NY.GDP.MKTP.CD,15763621848.115
Northern Mariana Islands,MNP,GDP (current US$),NY.GDP.MKTP.CD,NA
Norway,NOR,GDP (current US$),NY.GDP.MKTP.CD,485310823603.662
Oman,OMN,GDP (current US$),NY.GDP.MKTP.CD,108810923276.983
Pakistan,PAK,GDP (current US$),NY.GDP.MKTP.CD,337912301397.727
Palau,PLW,GDP (current US$),NY.GDP.MKTP.CD,281849062.5
Panama,PAN,GDP (current US$),NY.GDP.MKTP.CD,83318176900
Papua New Guinea,PNG,GDP (current US$),NY.GDP.MKTP.CD,30729242919.4411
Paraguay,PRY,GDP (current US$),NY.GDP.MKTP.CD,42956263543.9482
Peru,PER,GDP (current US$),NY.GDP.MKTP.CD,267603248655.253
Philippines,PHL,GDP (current US$),NY.GDP.MKTP.CD,437146372729.942
Poland,POL,GDP (current US$),NY.GDP.MKTP.CD,809200697797.088
Portugal,PRT,GDP (current US$),NY.GDP.MKTP.CD,289114289663.542
Puerto Rico,PRI,GDP (current US$),NY.GDP.MKTP.CD,117902300000
Qatar,QAT,GDP (current US$),NY.GDP.MKTP.CD,213002809330.267
Romania,ROU,GDP (current US$),NY.GDP.MKTP.CD,350775856415.189
Russian Federation,RUS,GDP (current US$),NY.GDP.MKTP.CD,2021421476035.42
Rwanda,RWA,GDP (current US$),NY.GDP.MKTP.CD,14097768472.1883
Samoa,WSM,GDP (current US$),NY.GDP.MKTP.CD,938189443.830393
San Marino,SMR,GDP (current US$),NY.GDP.MKTP.CD,NA
Sao Tome and Principe,STP,GDP (current US$),NY.GDP.MKTP.CD,678976264.835436
Saudi Arabia,SAU,GDP (current US$),NY.GDP.MKTP.CD,1067582933333.33
Senegal,SEN,GDP (current US$),NY.GDP.MKTP.CD,30848333083.7055
Serbia,SRB,GDP (current US$),NY.GDP.MKTP.CD,81342660752.3732
Seychelles,SYC,GDP (current US$),NY.GDP.MKTP.CD,2141450171.13932
Sierra Leone,SLE,GDP (current US$),NY.GDP.MKTP.CD,6411869546.28929
Singapore,SGP,GDP (current US$),NY.GDP.MKTP.CD,501427500080.059
Sint Maarten (Dutch part),SXM,GDP (current US$),NY.GDP.MKTP.CD,1627776949.27374
Slovak Republic,SVK,GDP (current US$),NY.GDP.MKTP.CD,132908336234.295
Slovenia,SVN,GDP (current US$),NY.GDP.MKTP.CD,69148468417.3208
Solomon Islands,SLB,GDP (current US$),NY.GDP.MKTP.CD,1633319401.19414
Somalia,SOM,GDP (current US$),NY.GDP.MKTP.CD,10968517090.0004
South Africa,ZAF,GDP (current US$),NY.GDP.MKTP.CD,380699271814.508
South Sudan,SSD,GDP (current US$),NY.GDP.MKTP.CD,NA
Spain,ESP,GDP (current US$),NY.GDP.MKTP.CD,1620090734956.89
Sri Lanka,LKA,GDP (current US$),NY.GDP.MKTP.CD,84356863743.6335
St. Kitts and Nevis,KNA,GDP (current US$),NY.GDP.MKTP.CD,1055499777.77778
St. Lucia,LCA,GDP (current US$),NY.GDP.MKTP.CD,2430148148.14815
St. Martin (French part),MAF,GDP (current US$),NY.GDP.MKTP.CD,NA
St. Vincent and the Grenadines,VCT,GDP (current US$),NY.GDP.MKTP.CD,1065962962.96296
Sudan,SDN,GDP (current US$),NY.GDP.MKTP.CD,109265503110.904
Suriname,SUR,GDP (current US$),NY.GDP.MKTP.CD,3455146280.83975
Sweden,SWE,GDP (current US$),NY.GDP.MKTP.CD,584960475767.32
Switzerland,CHE,GDP (current US$),NY.GDP.MKTP.CD,884940402230.409
Syrian Arab Republic,SYR,GDP (current US$),NY.GDP.MKTP.CD,NA
Tajikistan,TJK,GDP (current US$),NY.GDP.MKTP.CD,12060602008.8478
Tanzania,TZA,GDP (current US$),NY.GDP.MKTP.CD,79062403820.892
Thailand,THA,GDP (current US$),NY.GDP.MKTP.CD,514968699239.005
Timor-Leste,TLS,GDP (current US$),NY.GDP.MKTP.CD,2079916900
Togo,TGO,GDP (current US$),NY.GDP.MKTP.CD,9171261837.57103
Tonga,TON,GDP (current US$),NY.GDP.MKTP.CD,NA
Trinidad and Tobago,TTO,GDP (current US$),NY.GDP.MKTP.CD,27372285697.9477
Tunisia,TUN,GDP (current US$),NY.GDP.MKTP.CD,48529595416.6533
Turkiye,TUR,GDP (current US$),NY.GDP.MKTP.CD,1118252964260.77
Turkmenistan,TKM,GDP (current US$),NY.GDP.MKTP.CD,60628857142.8571
Turks and Caicos Islands,TCA,GDP (current US$),NY.GDP.MKTP.CD,1402054390.94734
Tuvalu,TUV,GDP (current US$),NY.GDP.MKTP.CD,62280311.5852172
Uganda,UGA,GDP (current US$),NY.GDP.MKTP.CD,48768955863.3175
Ukraine,UKR,GDP (current US$),NY.GDP.MKTP.CD,178757021965.008
United Arab Emirates,ARE,GDP (current US$),NY.GDP.MKTP.CD,514130432653.081
United Kingdom,GBR,GDP (current US$),NY.GDP.MKTP.CD,3380854520809.54
United States,USA,GDP (current US$),NY.GDP.MKTP.CD,27720709000000
Uruguay,URY,GDP (current US$),NY.GDP.MKTP.CD,77240830877.4597
Uzbekistan,UZB,GDP (current US$),NY.GDP.MKTP.CD,101591769702.343
Vanuatu,VUT,GDP (current US$),NY.GDP.MKTP.CD,1126313359.21923
"Venezuela, RB",VEN,GDP (current US$),NY.GDP.MKTP.CD,NA
Viet Nam,VNM,GDP (current US$),NY.GDP.MKTP.CD,429716969043.572
Virgin Islands (U.S.),VIR,GDP (current US$),NY.GDP.MKTP.CD,NA
West Bank and Gaza,PSE,GDP (current US$),NY.GDP.MKTP.CD,17420800000
"Yemen, Rep.",YEM,GDP (current US$),NY.GDP.MKTP.CD,NA
Zambia,ZMB,GDP (current US$),NY.GDP.MKTP.CD,27577956471.244
Zimbabwe,ZWE,GDP (current US$),NY.GDP.MKTP.CD,35231367885.8554
Africa Eastern and Southern,AFE,GDP (current US$),NY.GDP.MKTP.CD,1245472471675.95
Africa Western and Central,AFW,GDP (current US$),NY.GDP.MKTP.CD,799105950273.831
Arab World,ARB,GDP (current US$),NY.GDP.MKTP.CD,3512421040998.19
Caribbean small states,CSS,GDP (current US$),NY.GDP.MKTP.CD,53296161046.3074
Central Europe and the Baltics,CEB,GDP (current US$),NY.GDP.MKTP.CD,2267760561102.28
Early-demographic dividend,EAR,GDP (current US$),NY.GDP.MKTP.CD,14945896099125.4
East Asia & Pacific,EAS,GDP (current US$),NY.GDP.MKTP.CD,30780176881541.3
East Asia & Pacific (excluding high income),EAP,GDP (current US$),NY.GDP.MKTP.CD,21162836277192.4
East Asia & Pacific (IDA & IBRD countries),TEA,GDP (current US$),NY.GDP.MKTP.CD,21136712800814.7
Euro area,EMU,GDP (current US$),NY.GDP.MKTP.CD,15780686672317.3
Europe & Central Asia,ECS,GDP (current US$),NY.GDP.MKTP.CD,27554069781140.1
Europe & Central Asia (excluding high income),ECA,GDP (current US$),NY.GDP.MKTP.CD,2129704371516.14
Europe & Central Asia (IDA & IBRD countries),TEC,GDP (current US$),NY.GDP.MKTP.CD,5497903850286.88
European Union,EUU,GDP (current US$),NY.GDP.MKTP.CD,18590720056635.3
Fragile and conflict affected situations,FCS,GDP (current US$),NY.GDP.MKTP.CD,1937937125126.32
Heavily indebted poor countries (HIPC),HPC,GDP (current US$),NY.GDP.MKTP.CD,1129946910802.31
High income,HIC,GDP (current US$),NY.GDP.MKTP.CD,68276492853979.9
IBRD only,IBD,GDP (current US$),NY.GDP.MKTP.CD,38789302232983.5
IDA & IBRD total,IBT,GDP (current US$),NY.GDP.MKTP.CD,41669008262158.8
IDA blend,IDB,GDP (current US$),NY.GDP.MKTP.CD,1068437562493.42
IDA only,IDX,GDP (current US$),NY.GDP.MKTP.CD,1814046621127.36
IDA total,IDA,GDP (current US$),NY.GDP.MKTP.CD,2880514996348.02
Late-demographic dividend,LTE,GDP (current US$),NY.GDP.MKTP.CD,28348483457826.9
Latin America & Caribbean,LCN,GDP (current US$),NY.GDP.MKTP.CD,7100142198622.08
Latin America & Caribbean (excluding high income),LAC,GDP (current US$),NY.GDP.MKTP.CD,6057469575864.84
Latin America & the Caribbean (IDA & IBRD countries),TLA,GDP (current US$),NY.GDP.MKTP.CD,6779682191342.68
Least developed countries: UN classification,LDC,GDP (current US$),NY.GDP.MKTP.CD,1516309568380.52
Low & middle income,LMY,GDP (current US$),NY.GDP.MKTP.CD,37533765909928
Low income,LIC,GDP (current US$),NY.GDP.MKTP.CD,663529162731.73
Lower middle income,LMC,GDP (current US$),NY.GDP.MKTP.CD,7439509140290.38
Middle East & North Africa,MEA,GDP (current US$),NY.GDP.MKTP.CD,4320566779119.19
Middle East & North Africa (excluding high income),MNA,GDP (current US$),NY.GDP.MKTP.CD,1671174615296.29
Middle East & North Africa (IDA & IBRD countries),TMN,GDP (current US$),NY.GDP.MKTP.CD,1653767249808.37
Middle income,MIC,GDP (current US$),NY.GDP.MKTP.CD,36878123654872.8
North America,NAC,GDP (current US$),NY.GDP.MKTP.CD,29871321614401.4
Not classified,INX,GDP (current US$),NY.GDP.MKTP.CD,NA
OECD members,OED,GDP (current US$),NY.GDP.MKTP.CD,64746562052056.7
Other small states,OSS,GDP (current US$),NY.GDP.MKTP.CD,241086470734.391
Pacific island small states,PSS,GDP (current US$),NY.GDP.MKTP.CD,11150695760.1484
Post-demographic dividend,PST,GDP (current US$),NY.GDP.MKTP.CD,60485245420468.7
Pre-demographic dividend,PRE,GDP (current US$),NY.GDP.MKTP.CD,1566942319113.72
Small states,SST,GDP (current US$),NY.GDP.MKTP.CD,305546743662.392
South Asia,SAS,GDP (current US$),NY.GDP.MKTP.CD,4494987381110.1
South Asia (IDA & IBRD),TSA,GDP (current US$),NY.GDP.MKTP.CD,4494987381110.1
Sub-Saharan Africa,SSF,GDP (current US$),NY.GDP.MKTP.CD,2044578421949.78
Sub-Saharan Africa (excluding high income),SSA,GDP (current US$),NY.GDP.MKTP.CD,2042436971778.64
Sub-Saharan Africa (IDA & IBRD countries),TSS,GDP (current US$),NY.GDP.MKTP.CD,2044578421949.78
Upper middle income,UMC,GDP (current US$),NY.GDP.MKTP.CD,29440021018933.5
World,WLD,GDP (current US$),NY.GDP.MKTP.CD,106171667873321
